"Sector","1","2","3","4","5","6","7","8","9","10"
"'1975m3'","0.66316832013006","1.1239372395769","0.79323537865409","1.0293698734953","1.0871318310347","1.2398707809053","0.72932735736099","0.69288110487116","0.44887806694509","1.0470521564588"
"'1975m4'","0.66070383410705","1.1304135084339","0.79433472028326","1.0292187651961","1.0871318472814","1.2381578096165","0.72163383882783","0.67866447760947","0.44887806424132","1.0307523041301"
"'1975m5'","0.6659359077934","1.1245500982284","0.79798352144855","1.0254618043926","1.0871318274865","1.2252356468073","0.73076180329938","0.6670590532255","0.4488780715191","1.040341558495"
"'1975m6'","0.64823099545545","1.1229079237087","0.79859994199099","1.0269024160944","1.0871319272459","1.1969722084156","0.71696627301737","0.67668723254565","0.44887808320207","1.051742347576"
"'1975m7'","0.70599367287064","1.1174500083259","0.79906480360086","1.0252202629327","1.0871321320818","1.2096662906623","0.77859832753062","0.67340768930846","0.4488780920557","1.0735990666929"
"'1975m8'","0.72707450966869","1.1109221940484","0.7985939812672","1.0236985505774","1.0871321044345","1.2092722765749","0.79236048453295","0.69795740448772","0.44887809301337","1.1110648736936"
"'1975m9'","0.74469268153719","1.122329011061","0.7969137461003","1.0225161487701","1.0871321158291","1.1863686711444","0.82029774450416","0.67241654604867","0.44887809352073","1.1344842747012"
"'1975m10'","0.85791677775717","1.1258064924944","0.78768448006652","1.0488702376384","1.0871323178247","1.205572387352","0.89834053237667","0.72184239948239","0.44887811020932","1.127909343462"
"'1975m11'","0.87892461351859","1.1239375534895","0.78374889304596","1.0539571501479","1.0871322414366","1.2046845032217","0.91100545332447","0.73132621239196","0.44887811358091","1.1569906322515"
"'1975m12'","0.89901499060607","1.121371832649","0.78219854859599","1.0536228171988","1.0871324183422","1.201900287593","0.93251904927899","0.72214925520371","0.44887811213912","1.162631275139"
"'1976m1'","0.76374838397482","1.1773109887228","0.76411612273813","1.0095242184733","1.0871347076031","1.2563217856479","0.79750225676503","0.70937083762292","0.44887812518053","1.0639899651989"
"'1976m2'","0.75703286283936","1.1776734942054","0.76334173017367","1.0098519026509","1.0871347048881","1.2556831658955","0.79081704543523","0.71019517001369","0.44887812357403","1.0637517167418"
"'1976m3'","0.75495645781368","1.1703458301503","0.76990694337189","1.0196886197809","1.087134648587","1.2459044382694","0.8077897686496","0.70366135475148","0.44887812268373","1.0556129796196"
"'1976m4'","0.76435252265546","1.1670151976405","0.76788695364086","1.0257844428219","1.0871344432395","1.2525144330277","0.82034871399719","0.68775156027894","0.44887812206893","1.0765192589965"
"'1976m5'","0.77165740027697","1.1680343018758","0.76430032352507","1.034307640238","1.0871345349815","1.2441696005673","0.82780645686008","0.71002267735025","0.44887812721513","1.0833724771498"
"'1976m6'","0.80157962070515","1.1417169873504","0.76904731269891","1.0180214953952","1.0871349968784","1.2750928661814","0.83948676871944","0.71442974776958","0.4488781360882","1.1078527584715"
"'1976m7'","0.79282262616275","1.1439239843384","0.76911202849621","1.0210598702254","1.087134997722","1.2797386705826","0.83523521901808","0.70071072204077","0.44887813231856","1.0923262584514"
"'1976m8'","0.7930934887659","1.1456381518126","0.76935186732229","1.0196020380874","1.0871350749847","1.2806377425307","0.83354609806543","0.68901648482745","0.44887812987673","1.088212342289"
"'1976m9'","0.77396171655771","1.141918952596","0.77464927745966","1.018507707525","1.0871349055165","1.2790423465636","0.82957404369701","0.6906288068867","0.44887813793808","1.0680326958639"
"'1976m10'","0.7862865817726","1.1369233904858","0.7774752903229","1.0123705861204","1.0871349735846","1.288198772528","0.845676994962","0.64048534416163","0.44887814090209","1.0335855135812"
"'1976m11'","0.78407123475086","1.1355018527344","0.77716454069346","1.0120011691939","1.0871349060341","1.2874919682452","0.83214672355834","0.6419416505841","0.44887814214008","1.0338436193648"
"'1976m12'","0.72184210308501","1.1454220282001","0.78161715660583","0.99790625420247","1.0871343257435","1.1966296932186","0.81311205782844","0.62645762690355","0.44887816548244","1.0540640778404"
"'1977m1'","0.82520488581189","1.171522792025","0.77408912227146","1.0317594522636","1.0871352659738","1.1915300346427","0.92501074893786","0.58561349041312","0.44887815228812","1.0961239005828"
"'1977m2'","0.83731437815659","1.1686123600098","0.77896498324621","1.038817757882","1.0871350497634","1.1876454409177","0.91927361185706","0.5740429634397","0.44887816380244","1.1108040309842"
"'1977m3'","0.84586638761253","1.1661776752443","0.77918847519595","1.0521385755968","1.0871348040217","1.1825450064761","0.92569438556978","0.57422619834883","0.44887816206225","1.1100834000926"
"'1977m4'","0.84556750093795","1.1661320640712","0.77950670247957","1.0515804236","1.08713484734","1.1789407278711","0.92301544919143","0.57463798232919","0.44887816251343","1.1118360295366"
"'1977m5'","0.85885136808764","1.1788165540705","0.77893152227105","1.0618365032818","1.0871345807151","1.1907683009107","0.93163633988989","0.56198766175389","0.44887815697345","1.0971244599658"
"'1977m6'","0.88720089735165","1.1356991166054","0.78991188724902","1.0691982544657","1.0871335852068","1.2269327722534","0.98728312502058","0.52277245439561","0.44887817891355","1.1267796457526"
"'1977m7'","0.86298522140505","1.1446163100211","0.79098936433226","1.0717067417232","1.0871340164926","1.2018500694553","0.97941394867118","0.52298420161147","0.44887817233517","1.1084579222774"
"'1977m8'","0.82113497521279","1.1516269851016","0.80035928233126","1.0519891271088","1.0871339710623","1.1815225028722","0.93537957434201","0.55694937927121","0.44887818374936","1.0997500597119"
"'1977m9'","0.82141489034697","1.1526065923702","0.80003278848208","1.0513233239678","1.0871340096555","1.1838588945881","0.93739182800988","0.54805635318801","0.44887818298598","1.1032376070531"
"'1977m10'","0.89469273979997","1.1506574215173","0.80176218103857","1.061905617031","1.0871338324494","1.1531996975365","0.94961049416731","0.65021017204119","0.44887820434306","1.106733479628"
"'1977m11'","0.87243126243583","1.1313636048223","0.79645600596077","1.0276922437343","1.0871332951763","1.1139134833729","0.93110973032995","0.5738593245738","0.44887821781616","1.126409727018"
"'1977m12'","0.87051767715549","1.1314597616246","0.79652354330453","1.0260492536721","1.0871332596604","1.1171283437299","0.9300517462377","0.57747450254909","0.44887821702604","1.1230130816155"
"'1978m1'","0.91453296549299","1.1571578306907","0.81187568712482","1.0730235596032","1.0871334684701","1.0492668973826","0.89084901104223","0.62282663803402","0.44887825081724","1.088687445249"
"'1978m2'","0.91762633244278","1.1703467454706","0.8142408431277","1.075141864831","1.0871333986488","1.0751148775921","0.90567366842696","0.58776639393996","0.44887825435153","1.0848709088564"
"'1978m3'","0.89138119960017","1.1767582000021","0.81382160706271","1.0738674011396","1.0871333548223","0.99368327761963","0.89041524566379","0.60156107013562","0.44887825403971","1.0958695635488"
"'1978m4'","0.95373893189666","1.2215785049102","0.81819961322513","1.1473735053204","1.0871379797734","1.1627117419812","0.94762580973277","0.51332203110875","0.44887813083216","1.1610589490216"
"'1978m5'","0.95915491816214","1.2104206131727","0.81408212591775","1.1303573635141","1.0871384788571","1.1450360682949","0.95602602928694","0.47538489454769","0.44887812576863","1.1498187415792"
"'1978m6'","0.95019856656738","1.2141857535697","0.81778338259313","1.1369543374429","1.0871381080112","1.1346990283059","0.94931323479194","0.47992815384534","0.44887811990955","1.1521571303514"
"'1978m7'","0.90928925868048","1.2416452420477","0.81363393713126","1.1337851414593","1.0871398747514","1.2032362324531","0.95023107513196","0.42550318732302","0.44887812348126","1.1112708029744"
"'1978m8'","0.84452778250742","1.2419126417687","0.81643729573266","1.1031240863595","1.0871390274133","1.1861533794574","0.8820310783432","0.41954085317856","0.44887809284483","1.1098556762409"
"'1978m9'","0.86120106966883","1.236633295027","0.80746012067458","1.1042332411201","1.0871396212307","1.2030138256014","0.8968071016165","0.39789286602612","0.44887809791718","1.1170584718458"
"'1978m10'","0.8013122555567","1.1535301003754","0.80392351695768","1.0473409494958","1.0871341423955","0.98642165887431","0.86530090160446","0.37192852592487","0.44887820198048","1.0606591704802"
"'1978m11'","0.78229255869518","1.1378292863729","0.80547595532807","1.0291554015298","1.0871339275176","0.98320590929992","0.85385919569855","0.37275794500213","0.44887821023748","1.0425036403065"
"'1978m12'","0.78296765882484","1.1346575394996","0.80778424657763","1.0233778659832","1.087134128184","1.0006214459095","0.85888812949385","0.36926594689997","0.44887820004183","1.0413126814136"
"'1979m1'","0.72664280352063","1.1685331834681","0.79779791004768","1.0205591339478","1.0871325052467","0.9849794057665","0.80534943856685","0.4018551526408","0.44887826305997","1.0349038971626"
"'1979m2'","0.78046902033209","1.1625395964426","0.79066786830609","1.0313927904515","1.0871345690738","0.99499017791483","0.8506239046977","0.42278783593704","0.44887828481937","1.0479423049181"
"'1979m3'","0.6886125838696","1.1957624333629","0.80221729031343","1.0277724453652","1.0871325047465","1.0031290604352","0.78630306026591","0.35552329164949","0.44887822889003","1.0555489921804"
"'1979m4'","0.68904504387136","1.1961150490331","0.80195181831382","1.0276889048932","1.0871325124135","1.0031606423467","0.7865106532618","0.35659803920358","0.44887823004283","1.0557399982975"
"'1979m5'","0.70648984955485","1.2007635113321","0.81278755531195","1.0378521477547","1.0871322829375","1.0072253872646","0.80276700924467","0.36943007214162","0.44887821942495","1.0338084291549"
"'1979m6'","0.66370997970593","1.1781185050649","0.83361319792463","1.013466634025","1.0871313024958","0.93559193548643","0.78943000758524","0.35282700618743","0.44887824193672","1.0743563847461"
"'1979m7'","0.66020597210119","1.1799253261621","0.83513008269156","1.0091547918952","1.0871313696093","0.9223686186776","0.78527327365262","0.35112739691435","0.44887824204573","1.0828682618196"
"'1979m8'","0.76725982420558","1.1873116367918","0.84861059427726","1.0136406403691","1.0871317325783","0.88826351386278","0.84539222063763","0.26321689852415","0.44887819096561","1.044391518902"
"'1979m9'","0.78811659086705","1.1847385346835","0.84364098728722","1.0166090368586","1.0871321030029","0.89208859479118","0.85757484936097","0.27522043135603","0.4488782048489","1.050413170863"
"'1979m10'","0.8897563464538","1.196526534869","0.82148044897709","1.0382503950751","1.0871301961452","0.90623241735023","0.87443997517622","0.33496199268495","0.44887830162575","1.113049338724"
"'1979m11'","0.80899218696462","1.1632657693846","0.83109592491908","0.94103288680083","1.0871275831035","0.90994185669381","0.86821870162268","0.32293864660422","0.4488783686132","1.0844459611616"
"'1979m12'","0.80472751108367","1.1660586271747","0.82656831662618","0.93565913691304","1.0871286931376","0.89424385878348","0.86122139218987","0.2966414628604","0.44887833423083","1.0643883373161"
"'1980m1'","0.67556386756428","1.1705019784799","0.88246404614538","0.91312199210071","1.0871326161078","0.92150664682215","0.7075800674182","0.17243352470227","0.44887820818352","0.97185309291696"
"'1980m2'","0.71219974697107","1.1744271427747","0.86379639202121","0.9331482710001","1.087133491768","0.94275214728369","0.73593178182731","0.18879741485685","0.44887823730181","1.0170740442427"
"'1980m3'","0.5880623496267","1.1277456972052","0.93360153673823","0.80938426707091","1.087119496482","0.94628134839557","0.53653479909946","0.17980598835846","0.44887819653318","0.86297655683921"
"'1980m4'","0.62983584133687","1.1111893738695","0.93808864045682","0.79396933445119","1.0871140918838","0.89029047027461","0.56373825531172","0.26545843166945","0.44887841312444","0.9053420484449"
"'1980m5'","0.68938714840752","1.1231265382832","0.92289695300689","0.79769018146463","1.0871102152147","0.86589795491463","0.60409621063274","0.26468113242591","0.44887842153289","0.9233564728328"
"'1980m6'","0.6591706880309","1.1169387119966","0.9243641180395","0.7956916746671","1.0871095065167","0.86889651470791","0.5759589839875","0.2444306601857","0.44887843707687","0.93322597892844"
"'1980m7'","0.75035395287035","1.1393324810854","0.89843934347958","0.87333927715536","1.0871150826768","0.98768846713203","0.67545671465274","0.19921067386453","0.44887826671523","0.88471040963146"
"'1980m8'","0.72599602538632","1.1313895577672","0.89677618723222","0.87000964833365","1.0871135741768","0.98302856137104","0.65755330211245","0.20865572780952","0.44887823545224","0.8693193606433"
"'1980m9'","0.6715494196723","1.1243143830615","0.90443572219421","0.86018550446112","1.0871136087895","0.9738672361092","0.63650262410188","0.17909485461447","0.44887818914519","0.8613749065098"
"'1980m10'","0.64969451906698","1.1183875166742","0.91617984093147","0.84890082692609","1.0871130033291","0.97201552034343","0.61964210306315","0.16226814481777","0.44887817928837","0.8433952199496"
"'1980m11'","0.3482294080994","1.0440726525522","1.0426439805419","0.71441835382835","1.0871175944701","0.89125713355143","0.50207798014164","-0.023061784742981","0.44887801213177","0.57172258240909"
"'1980m12'","0.28957681322657","1.0410538179854","1.0766776551202","0.69716417866023","1.0871131994722","0.88929604035802","0.4082488534343","-0.025191431431413","0.44887793495185","0.46116791110523"
"'1981m1'","0.25014676450656","0.98663001086068","1.1070600678285","0.67847193935107","1.0871157186664","0.92925532475","0.39997354291658","-0.14592603944324","0.44887793686934","0.44779258708673"
"'1981m2'","0.26202096316258","0.99095469272371","1.1050947875511","0.68417696605973","1.0871160549266","0.92827316303024","0.4052654269838","-0.14916317704203","0.44887792773786","0.44962584687278"
"'1981m3'","0.31008869533317","1.0024764639109","1.0608792803702","0.73347272912919","1.0871147886795","0.89401397249963","0.43068584687448","-0.13677148130784","0.44887792300659","0.53179897647186"
"'1981m4'","0.30938835488751","1.0137698020585","1.0686100720313","0.72390745570661","1.0871137436609","0.8976228657846","0.42784959691055","-0.1933201429406","0.44887792725882","0.51161104499993"
"'1981m5'","0.30956249402366","1.0132651925434","1.0675728887369","0.72413124144916","1.0871136833371","0.89790001859466","0.42828120713179","-0.19062588717601","0.44887792774854","0.5130007025009"
"'1981m6'","0.31714934929734","1.0025033669965","1.0552194827661","0.7339388255718","1.0871159263405","0.93459542791485","0.4615099500763","-0.14607736678795","0.44887788070586","0.49644249329925"
"'1981m7'","0.35538793110967","1.0209691881708","1.0397025597691","0.74544424389215","1.0871171326064","0.94963795657581","0.4922196772951","-0.14275632447424","0.44887786531742","0.53586503655748"
"'1981m8'","0.50637460911441","1.0404117921734","1.0447549396892","0.81100782704757","1.0871204208802","0.93118285496636","0.62415334547876","-0.025630069863312","0.44887778991367","0.61369401426458"
"'1981m9'","0.43325530802175","1.0710462205216","1.0829900747604","0.78335638939099","1.0871137769805","0.8751798522382","0.53864516434619","-0.11968826335505","0.44887792264259","0.57134361790712"
"'1981m10'","0.52060880695596","1.0313670598665","1.0950925066012","0.73157916158938","1.087107117683","0.81146997203946","0.61870945178569","-0.040708970910341","0.44887797757134","0.65603995182416"
"'1981m11'","0.51719737588481","1.0373947574175","1.0971897306778","0.72897264898032","1.0871074695023","0.79101479526319","0.6233367557021","-0.051885113740086","0.4488780447955","0.68881273444949"
"'1981m12'","0.52667322535467","1.0325101637618","1.1086692416143","0.71531692830331","1.0871058132703","0.74601012982022","0.62341725232612","-0.031955975886351","0.44887810566721","0.72070878522211"
"'1982m1'","0.49923921271666","1.0520963330303","1.1214969073341","0.69245693550077","1.087103653477","0.64767196003166","0.58315690299588","-0.043368792074741","0.44887806002541","0.71049784335573"
"'1982m2'","0.51461009555285","1.0480998942227","1.1554438609111","0.70353634406409","1.087102527394","0.64557957996182","0.59137556998875","0.1886571312932","0.44887794704177","0.61607059865285"
"'1982m3'","0.48901182270075","1.0483685393797","1.1630883760199","0.67788492811747","1.0871025223274","0.66128961553718","0.59380171161601","0.16143653274384","0.44887792873057","0.62669855794282"
"'1982m4'","0.5517553158797","1.045540416239","1.1560905953917","0.68100954282534","1.0871013726821","0.69798813462699","0.65073009678663","0.11153934948422","0.44887796743556","0.61179543706787"
"'1982m5'","0.60178814154445","1.0626821737982","1.1299704296845","0.68738245689163","1.0871058804231","0.73509408540316","0.69490016051374","0.17966212090118","0.448877964878","0.76134096320775"
"'1982m6'","0.53757011488016","1.0636653198945","1.1443834790314","0.65380408341344","1.0871020133825","0.73159746132224","0.65741117497506","0.23104782818684","0.44887799534678","0.79670398186128"
"'1982m7'","0.52438923326943","1.0636888413882","1.1682145803415","0.65442762431864","1.0870987558271","0.65785901848709","0.64159968739998","0.18677683456953","0.44887802830268","0.81497552357772"
"'1982m8'","0.62507592447904","1.1603839615137","1.1102385943838","0.79242073636555","1.0871079663714","0.73879172792171","0.71476449544433","0.43674753307884","0.44887852800337","0.93431665318952"
"'1982m9'","0.63582258441986","1.1544214589175","1.1088312064856","0.79230384247022","1.0871067582377","0.74162563182632","0.71593942365378","0.43209337146491","0.44887851573313","0.9555631635035"
"'1982m10'","0.66839443231689","1.1729340016904","1.0242332000166","0.96656747844706","1.0871118494507","0.84712849748267","0.70136774601094","0.52531514111396","0.44887835646206","1.0775558237011"
"'1982m11'","0.68107452763426","1.1644854639346","0.98175783336399","1.0033012188375","1.0871112761483","0.90168350526685","0.70483533713149","0.51429469847343","0.44887826434624","1.1253699627428"
"'1982m12'","0.67829381505808","1.1642747274559","0.98606762929824","1.0009505414608","1.087111365727","0.90888865381355","0.70348091233979","0.51202662756194","0.44887827525883","1.1169330482275"
"'1983m1'","0.60619071613986","1.1728186330076","0.97903481886602","0.9734961214382","1.0871139129048","0.93568945330708","0.65876780593518","0.67222715448273","0.44887830699521","1.0311450378358"
"'1983m2'","0.60044801997525","1.1777881522401","0.95746081167481","0.98369627251156","1.0871155437535","0.93358266236375","0.64604737516619","0.60671391967583","0.44887829929905","1.0927261212649"
"'1983m3'","0.64692819895","1.1664021362175","0.97224251656639","0.98978407962236","1.0871113739495","0.91581743567813","0.67995909177745","0.56072249740479","0.44887825049995","1.1363889348959"
"'1983m4'","0.59410993743881","1.1697226866475","0.99301087854533","1.0344381223562","1.0871082118371","0.97522647523651","0.65658705176655","0.60375315404528","0.44887828806006","1.1666266639729"
"'1983m5'","0.58125546284598","1.170651586509","0.99088712839514","1.0297589076913","1.0871079316099","0.97375343197436","0.64462787603698","0.59661014298132","0.44887828853501","1.1625931777776"
"'1983m6'","0.5686053540369","1.1462804189188","0.99826636209212","1.0465695697964","1.0871083437231","1.0119149803163","0.65403862879726","0.52171806368291","0.44887816567446","1.1002272517572"
"'1983m7'","0.60922727031089","1.1256952046681","0.98529364578626","1.0277780915187","1.0871113506665","0.99306252776486","0.69337227947746","0.52730977493777","0.44887806225447","1.1257028092042"
"'1983m8'","0.60801925978853","1.1216805911641","0.98120771194518","1.0334054970978","1.087111708956","0.99313096881123","0.69387563246046","0.5130594026759","0.44887806082661","1.1252884600148"
"'1983m9'","0.62695915759253","1.118852458781","0.9734202031618","1.0368565942001","1.0871129520764","0.99666873966255","0.70494744886925","0.50873344951242","0.44887808627944","1.1215277768587"
"'1983m10'","0.57389898021468","1.1225393769157","0.96875690202441","1.0039644814404","1.0871116623665","0.99787398679467","0.65393062872589","0.54371657918436","0.44887793624632","1.1145913529852"
"'1983m11'","0.58634559753787","1.1382262563622","0.95424789211962","0.99890788130256","1.0871158981355","0.96143549977259","0.62745261423881","0.53553532611072","0.44887787016874","1.1488034616844"
"'1983m12'","0.59653215082211","1.1417700509936","0.94647066240016","1.0006968439588","1.0871144677364","0.93508112826672","0.64532541250456","0.55994173301694","0.44887794471539","1.1568570399438"
"'1984m1'","0.61842542886942","1.1572331046581","0.92618749485069","1.0203473371723","1.0871166634398","0.97833421237215","0.64499987844521","0.4543498509383","0.44887792673912","1.1656021805931"
"'1984m2'","0.70638470243577","1.1795299382998","0.88264328151457","1.0519582155559","1.0871209930771","0.9875117412353","0.67948214232273","0.49673252763085","0.4488780361675","1.1592681629586"
"'1984m3'","0.70190683799845","1.1872736782361","0.88218751331193","1.0508692615084","1.0871212873243","0.99165540517176","0.6761967423166","0.47968007695992","0.44887802713908","1.1658344906382"
"'1984m4'","0.70313216486503","1.1882409362987","0.8785710082822","1.0494668361986","1.0871210390766","0.99007037081507","0.67531419229957","0.47473972664655","0.44887803038115","1.1733553525108"
"'1984m5'","0.66124790850351","1.2277048719584","0.91156732978136","1.0314902435541","1.0871205436047","1.0142846522175","0.7178790929192","0.53790583702119","0.4488779655292","1.2304401979178"
"'1984m6'","0.71611419790639","1.218990630367","0.89778566817557","1.0465488131042","1.0871207859178","0.99389306745783","0.74691668026583","0.56670161991589","0.44887794441719","1.2376429993597"
"'1984m7'","0.69512435853558","1.2052780115369","0.92497129906708","1.018072098449","1.0871188474362","0.95417340334808","0.75804984571575","0.46563075274929","0.44887789098715","1.2033933993178"
"'1984m8'","0.64936702147031","1.206662848022","1.0120147753855","0.96326064830407","1.0871166586139","1.0352020354308","0.72378777425285","0.48245379019408","0.44887799032661","1.2128881794959"
"'1984m9'","0.64420643930404","1.2132492710667","1.0098482383024","0.96418558662359","1.0871177955481","1.0416093508832","0.72984525629711","0.47292272181329","0.44887795415798","1.2035037044856"
"'1984m10'","0.6352695087057","1.211835028055","1.0158643219331","0.96221052156996","1.0871169274284","1.0439650677012","0.72097799413616","0.4772096628733","0.4488779311853","1.1887412406473"
"'1984m11'","0.63612210936651","1.2082263244583","1.0166126174274","0.97005499523195","1.0871183457962","1.0548486909847","0.71439976126643","0.46286060134807","0.44887788467367","1.179334851703"
"'1984m12'","0.63206169591728","1.2027361386965","1.0084778904814","0.97040612659642","1.0871190694638","1.0538483828406","0.71932547044543","0.48943125407788","0.44887789462167","1.2007013037717"
"'1985m1'","0.4788785870504","1.1756084027924","0.98493295534444","1.0172237327874","1.0871279123855","1.1256082343173","0.62719897915439","0.4687361379491","0.44887764035921","1.2029539523213"
"'1985m2'","0.50236459435859","1.1704884161749","0.98681130163556","1.0096325546433","1.0871272462116","1.1101064891368","0.64263433673488","0.47884657572422","0.44887763587497","1.2071352969279"
"'1985m3'","0.48718864060141","1.1770851824196","0.98485212989727","1.0104628865036","1.0871288098571","1.1244703659378","0.62665915575836","0.47771009901265","0.44887758907125","1.2071358416286"
"'1985m4'","0.50460046973932","1.1736141710493","0.97836179817165","1.0134787459687","1.0871296708022","1.1298300794637","0.63811200687861","0.4692518596151","0.44887757866566","1.1829660448821"
"'1985m5'","0.58992306682207","1.1815795662445","0.92934585305458","1.0515059911145","1.0871291512418","1.0665179384229","0.7240199018742","0.58723440363773","0.4488776877305","1.1999298854839"
"'1985m6'","0.59894374647123","1.1818067925387","0.92538159537994","1.0500998481299","1.0871290799671","1.0524852557317","0.72770262073144","0.59940604431583","0.44887771225377","1.2110619172912"
"'1985m7'","0.61184550096497","1.1723551050348","0.92672354507608","1.0569706991333","1.087127783804","1.0329028792105","0.73539523880921","0.62273789857727","0.44887775627258","1.2188998351309"
"'1985m8'","0.60678150071927","1.1773007777447","0.92541375474785","1.0605221614003","1.0871285615587","1.0469260278429","0.7321973062529","0.6170516501087","0.44887773788024","1.2245502820332"
"'1985m9'","0.57342428662175","1.1681938349653","0.90878507922751","1.0452170159674","1.087130583338","1.0283409536267","0.72325350399149","0.64917185210187","0.44887795707786","1.2150780168942"
"'1985m10'","0.63442806069391","1.1525451894933","0.91794522188168","1.041844852058","1.0871234640684","0.99560857282277","0.73225052153934","0.65153665250248","0.44887813606047","1.330028978018"
"'1985m11'","0.74346184955474","1.1441176342786","0.8414016267182","1.0575327259243","1.0871280747225","1.0620501043457","0.84829975364889","0.7865157704154","0.44887811816883","1.2839750762986"
"'1985m12'","0.74352972883885","1.1519618118781","0.80842087214283","1.0590586745612","1.0871297254637","1.117867740139","0.84751039698563","0.86450987235039","0.44887822938555","1.2505632158441"
"'1986m1'","0.74170775573392","1.1551909759736","0.8006462020239","1.0616654874468","1.0871297957763","1.1135790585598","0.84601899947517","0.85210043095961","0.44887825105202","1.2664886216173"
"'1986m2'","0.84669787896591","1.2224887037712","0.72395217440971","1.0973851376234","1.0871334496042","0.99008012532117","0.8859202834392","0.82792166686401","0.44887847339554","1.2757975427712"
"'1986m3'","0.9281077321944","1.2036799807334","0.70437805590723","1.1479531762446","1.0871298103427","0.90926562965345","1.0054075180043","0.82307673626057","0.44887850642691","1.2577170840351"
"'1986m4'","0.92046745301554","1.2049324182303","0.70283820037958","1.1535962508296","1.0871301401827","0.89188498662679","0.99561266775384","0.80947131086626","0.44887857580458","1.2755344253281"
"'1986m5'","1.0078537408102","1.1808259643575","0.72398657299136","1.1835224314052","1.0871209517141","0.80908244040731","1.0426644370684","0.82228923127521","0.44887859410847","1.2395263696471"
"'1986m6'","1.0396616845959","1.1758093518054","0.72070006083609","1.1855739568241","1.087120001957","0.78392813446637","1.0673466631773","0.84596850793265","0.44887863424332","1.2323362142599"
"'1986m7'","0.98763423979692","1.1746730657715","0.73723045086246","1.214180979796","1.0871276313031","0.87285307924115","1.0180190243798","0.73233925972696","0.44887802987694","1.1372622979956"
"'1986m8'","0.86776678572383","1.1827054113988","0.85097753145887","1.1469505258138","1.0871274787585","0.90595620436166","0.92805277665544","0.81147070194297","0.44887834728962","1.1240812219636"
"'1986m9'","1.0507588650095","1.1009837365377","0.77361070177088","1.1495450530287","1.0871256072478","0.87284649795247","1.0900784245985","0.95468205404744","0.44887900172043","1.1760602096019"
"'1986m10'","1.1269617328621","1.118255883586","0.75777791603468","1.1757688505313","1.0871248297111","0.78369240707704","1.1495018913136","0.95999246342035","0.44887914777846","1.1301035679288"
"'1986m11'","1.1173059576321","1.1223773317219","0.7597505224855","1.1796023338985","1.0871260555263","0.79495496338763","1.1449515028297","0.97145087037634","0.44887914797928","1.1152239437855"
"'1986m12'","1.1171394592294","1.1220580972759","0.75018495932841","1.1931508013837","1.0871216263025","0.81522715968033","1.1217708893386","0.98146275482387","0.44887926320933","1.0961888020857"
"'1987m1'","1.1448820725027","1.1940462999682","0.82428330676175","1.1803474730653","1.0871199418184","0.92866307057961","1.1340713984432","0.76886344976363","0.44887978862475","0.99527675403245"
"'1987m2'","1.0951646151259","1.1806084703813","0.78606454712439","1.2031956799832","1.0871178608304","0.98337590740034","1.1323073794967","0.66472478402704","0.44887950789028","1.0114237441714"
"'1987m3'","1.0933543082005","1.1892550257713","0.80654517803808","1.2010351759136","1.0871163699585","0.9961875932064","1.1260348183156","0.65843327626416","0.44887943121939","0.9848516719503"
"'1987m4'","1.1169726775035","1.1836836983427","0.80198636320839","1.1913625538699","1.0871160274834","0.94831964412504","1.1371936926602","0.67784950252263","0.44887951576269","1.0212410027017"
"'1987m5'","1.1178234768033","1.1832475836749","0.80230842550294","1.191371652576","1.0871159916671","0.94863027473455","1.1373034374048","0.67828662414983","0.44887951229338","1.0202939748685"
"'1987m6'","1.1514733845729","1.1962370311598","0.81616688045526","1.2001933055237","1.0871171050114","0.89198661775764","1.1537585935413","0.72305295466095","0.44887955011673","1.0404786281586"
"'1987m7'","1.1399773623366","1.2098454106402","0.81886241444136","1.2154871604478","1.0871238230127","0.85049655847441","1.1463364248782","0.7557897008115","0.44887933379538","0.97635952476385"
"'1987m8'","1.1605112213092","1.1921537153713","0.80919499014673","1.2059330507034","1.0871236898191","0.90126702079107","1.1450067785956","0.80358922294196","0.44887938655371","1.0240343782668"
"'1987m9'","1.1478354150226","1.1790113705702","0.81591470151993","1.2274606924906","1.0871188531752","0.91558936915653","1.1383763762918","0.75878010550621","0.44887945290775","1.0477734376155"
"'1987m10'","0.90561296533437","1.1879802812123","0.83024157259027","1.1961131883","1.0871389681327","1.0016848195965","0.89492952486971","0.50636070092305","0.44887820950631","0.94316142910893"
"'1987m11'","0.9286603050878","1.149173998832","0.87040184316843","1.205471970812","1.0871339569673","1.0295228072365","0.9181081706841","0.56751658153764","0.44887818513718","0.96313796625665"
"'1987m12'","0.92578744185473","1.1803238733494","0.87101996853045","1.2063829869889","1.0871355349296","1.0795229261381","0.90861585335694","0.53307931358553","0.44887791427529","0.92675072428821"
"'1988m1'","0.90444827100865","1.1424074395399","0.89124163780848","1.1969819053627","1.0871284308644","1.0263932512284","0.89897738081682","0.617226189838","0.44887834195166","0.9717602300832"
"'1988m2'","0.89563181216443","1.1586087928821","0.8838946882316","1.2121311396367","1.0871268752669","1.0390549426123","0.89356099164978","0.57399249725933","0.4488780236334","0.92733087601092"
"'1988m3'","0.89972032257543","1.1616510735442","0.87521030557132","1.2161965734296","1.0871284510449","1.0545511613711","0.90220038398791","0.61182781109089","0.44887812470632","0.94766546363231"
"'1988m4'","0.89706411717207","1.1626612278788","0.87732801935082","1.2168602803849","1.0871282296094","1.0576911216134","0.89841330718874","0.61085566572906","0.4488781150435","0.94486221150826"
"'1988m5'","0.89919551979885","1.1634968528064","0.87768233225783","1.2169888003785","1.087128115072","1.0588175969794","0.89908261887345","0.60588966183578","0.44887810357832","0.94019595655992"
"'1988m6'","0.83219333952563","1.1962245219541","0.84143073873897","1.2297694578522","1.0871280325555","1.1147106482727","0.84702625917347","0.59151848985594","0.44887810131955","0.95325702902235"
"'1988m7'","0.82883998558702","1.1999108343251","0.83566137539236","1.2280755791229","1.0871291410971","1.1248442592703","0.84160015564543","0.59251244665461","0.44887810309731","0.94808532397137"
"'1988m8'","0.7973250665735","1.2057361113937","0.83684731865705","1.2361417280457","1.0871334493113","1.182568721275","0.81664032907067","0.6126895039809","0.4488780808166","0.90366737379221"
"'1988m9'","0.86913577803399","1.1944680338889","0.81725223631756","1.2456700494567","1.0871368355547","1.1787065403479","0.84569261565868","0.66834888600152","0.4488780959798","0.91271398686589"
"'1988m10'","0.8611456890077","1.1930690141671","0.81802781401521","1.249304290727","1.0871358546242","1.1738826123224","0.84635760517918","0.6821866041647","0.44887812534158","0.89671911260398"
"'1988m11'","0.87512586312439","1.1954937567557","0.81694905259742","1.2497376643866","1.0871339846212","1.184752293311","0.85439465525559","0.66344252977088","0.44887815597595","0.91143377570755"
"'1988m12'","0.8852101290329","1.2009259419205","0.81611639069107","1.2443513940775","1.0871324619817","1.2043969072231","0.85926054950465","0.6462094922202","0.44887814870379","0.89253148123458"
"'1989m1'","0.8750740938554","1.2202139749698","0.82568253061496","1.2325273904697","1.0871297827013","1.1933040133635","0.85799963529055","0.73483854564206","0.4488780290659","0.95402388329317"
"'1989m2'","0.89822283856357","1.2252456977655","0.825955383755","1.2378485274264","1.0871324686435","1.2138033434178","0.86897983162536","0.74923948611091","0.44887810066993","0.94448093346453"
"'1989m3'","0.93307060930882","1.2224818908663","0.82865649112746","1.2339066753698","1.0871315220518","1.1649549035435","0.8953506186728","0.77353583584298","0.44887808329254","0.9676851325655"
"'1989m4'","0.96547311623859","1.2197321008828","0.81320336228963","1.2273281367677","1.0871338862088","1.1823207308986","0.92197639779126","0.87687435225651","0.44887816326147","0.95194346513787"
"'1989m5'","1.0160992312713","1.1980808492563","0.79984440128626","1.2184083532708","1.0871386874842","1.1572870340015","0.93471150561201","0.91868307602943","0.44887827967054","0.97101666699329"
"'1989m6'","1.005083581868","1.2032949376265","0.79905627130441","1.2140473757092","1.0871409640611","1.1681993780265","0.93606325581425","0.92062081660202","0.44887822101423","0.95623465816116"
"'1989m7'","1.2022517492219","1.186586559728","0.77428109240344","1.202910781689","1.087144604461","1.0171815724272","1.1094569936102","1.058178184426","0.44887843854826","1.0183839411775"
"'1989m8'","1.1708762331878","1.1966402060936","0.77696332078727","1.2053795732701","1.0871444281661","1.0164106120382","1.0848149273387","1.0407695677431","0.44887837698389","1.0148840267204"
"'1989m9'","1.176190662883","1.200702898208","0.77568377108334","1.2102330582251","1.0871454357966","1.0225685247767","1.0839740372665","1.0198870789039","0.44887837825363","1.0017769087746"
"'1989m10'","1.095417929799","1.2153067054835","0.75943122263081","1.2177390802812","1.0871458842617","1.0438579552202","1.0113245372391","0.97642056781748","0.4488782690191","0.98783322280892"
"'1989m11'","1.1001958645634","1.2151831972499","0.76350087398877","1.2139108170391","1.0871471269329","1.0326887115231","1.0231843574571","0.97720732397426","0.448878293937","0.97706901131677"
"'1989m12'","1.0985467722094","1.2193619361657","0.769568709642","1.2050291198682","1.0871482237721","1.0167572341799","1.020844496311","1.0160527947449","0.44887835326925","0.94426997059275"
"'1990m1'","1.1619133716817","1.1982607723","0.75444310578349","1.1335854832956","1.087127136293","0.81147186918477","1.0657760566589","1.2164218299674","0.44887859727658","1.0632049632394"
"'1990m2'","1.1440525596191","1.1982869844098","0.75562612433601","1.1342139842614","1.0871273313025","0.82586727644415","1.0476001236728","1.2037491896418","0.44887857509391","1.0662699490288"
"'1990m3'","1.1725376752576","1.1963410702374","0.75056135629502","1.139379744631","1.0871297017201","0.84763320371533","1.0643939763187","1.2286005804329","0.44887850221034","1.020771630197"
"'1990m4'","1.0686054403683","1.1990397674676","0.75629945428339","1.1443113710653","1.0871261151689","0.82463175349398","0.9899213929049","1.2278449431989","0.44887872156485","1.0530551626245"
"'1990m5'","1.0712459431267","1.14872391605","0.75155535245189","1.1592812146885","1.0871160301484","0.97887074466783","1.0641522788938","1.1324852645954","0.44887880843755","1.110864034864"
"'1990m6'","1.0497393544527","1.154299222409","0.75423069974765","1.157531374384","1.0871161550505","0.97654097894914","1.0445099640631","1.1625670602533","0.44887880579299","1.11500574026"
"'1990m7'","1.0240643639304","1.140390464757","0.72709547756865","1.1750183005138","1.0871153232108","1.0162818432386","1.0173633452887","1.1796907419646","0.44887876417322","1.1325430095123"
"'1990m8'","0.94464840715472","1.1725659750693","0.66673701162756","1.1910768903941","1.0871311125157","1.0680779841595","0.93949625978055","1.1179257596454","0.44887926444186","1.1330934619089"
"'1990m9'","0.92890831435345","1.1725789491681","0.65889342317175","1.2271142132961","1.0871411058324","1.0322298129403","0.91886549851791","0.91835000262625","0.44887903490372","1.2405696060203"
"'1990m10'","0.88186831626035","1.1744230482513","0.66820914764348","1.2337662458209","1.087141653485","1.0427545505593","0.88623229736253","0.86501007310395","0.44887877767783","1.2727001899714"
"'1990m11'","0.86747630565828","1.1905904190881","0.64740329985308","1.2494225245784","1.0871356891449","1.110187074635","0.91099819824058","0.73981666284725","0.44887857834957","1.4436424083985"
"'1990m12'","0.87786211757613","1.1953032746795","0.63754525646679","1.2423940260646","1.0871391599504","1.1081542758952","0.91209144372539","0.7158236220073","0.44887852415259","1.4613036527633"
"'1991m1'","0.82994184299433","1.2035185700774","0.60606157917575","1.273176165246","1.0871491651012","1.2480979486","0.88014920299889","0.62627403580274","0.44887821915016","1.4664414399581"
"'1991m2'","0.93027802618067","1.1580558769702","0.63604732975054","1.2400429063825","1.0871320328031","1.1762458294903","0.9500729747896","0.55447090602423","0.44887827512154","1.4450727972427"
"'1991m3'","0.96603612467178","1.1422912248928","0.63160366478605","1.2426710650423","1.087128303976","1.1304914869247","0.97522501764575","0.5643242063708","0.44887827926363","1.4663754169594"
"'1991m4'","0.96924731292206","1.1407405461848","0.63110818423383","1.2417593476649","1.087128317877","1.133848587882","0.97731683928317","0.564610723646","0.448878281684","1.4656426882579"
"'1991m5'","0.93548565106592","1.1809101162935","0.61146807644459","1.2771505988147","1.0871373926981","1.1227451087953","0.96700159866754","0.48833330934365","0.44887815023814","1.4531035077375"
"'1991m6'","0.96669472720775","1.1663931680217","0.62172811026075","1.2749725925482","1.0871328938978","1.1788886191385","0.9790064448475","0.44615845986226","0.44887820508777","1.4110633216478"
"'1991m7'","0.99186466235427","1.1583423223588","0.63768653615149","1.257020756043","1.0871204788883","1.1783583039617","1.0267666015363","0.43726949262462","0.44887833390352","1.4085243363698"
"'1991m8'","1.0234165729749","1.1477602233833","0.63428458992589","1.2529716667213","1.0871185802939","1.1740890872391","1.0421148418526","0.42948756090085","0.44887838832765","1.4093687301307"
"'1991m9'","1.0500840569809","1.1533294363139","0.63452759503838","1.2587076853294","1.0871201247388","1.1654241440336","1.0513494125277","0.43236898958922","0.44887828652363","1.3886391007374"
"'1991m10'","1.0271393995003","1.155227417275","0.63623075236374","1.244016795413","1.0871201787208","1.1666787090253","1.0549539433015","0.44125233794022","0.44887829306549","1.3902407803079"
"'1991m11'","0.93546192307906","1.1847474284913","0.67497091382201","1.2222107102811","1.0871250379401","1.1535803100021","0.99862009213145","0.50400607761662","0.44887809269664","1.3651144925646"
"'1991m12'","1.1473986059813","1.1378571601627","0.60613939158578","1.1922375187266","1.0871234267291","1.0636922652674","1.1760571322376","0.62293023536761","0.44887805605732","1.3328746578652"
"'1992m1'","1.1564120082413","1.1338624657101","0.60877858782459","1.1880688470722","1.087123049017","1.0503951029057","1.1873681832467","0.63302490939626","0.44887810680758","1.3351523006072"
"'1992m2'","1.1467167739006","1.1358892541943","0.60506627603882","1.197245017325","1.0871234510713","1.0575652871923","1.1753517471653","0.61492031663904","0.44887806742014","1.334209780838"
"'1992m3'","1.1330601468796","1.1150335277011","0.61243164350182","1.1866277225458","1.087122108925","1.0784181440303","1.1817280819037","0.5864269593006","0.44887806301658","1.3101563380888"
"'1992m4'","1.1250559334728","1.1253510901306","0.62597640173783","1.1848024185893","1.0871224719732","1.0769541653381","1.1736138235149","0.62298426081562","0.44887809390786","1.3049745442597"
"'1992m5'","1.1260955735288","1.1245106942098","0.62700022365639","1.1840683955091","1.087122363552","1.07752536534","1.1746525951594","0.61760428644838","0.44887810184629","1.3071687585933"
"'1992m6'","1.1489928428654","1.130050370242","0.63257697712588","1.1713956708535","1.0871217823974","1.0814019795343","1.1951648714989","0.5760117764834","0.44887807039208","1.2459494448282"
"'1992m7'","1.1649730277869","1.1115575094479","0.64724902111999","1.1484253501321","1.0871140707111","1.0789069726992","1.2178879045229","0.66005539465008","0.44887836168216","1.2090049043002"
"'1992m8'","1.116319668224","1.1252121113461","0.63644928245568","1.1459882000985","1.087115746901","1.1036654944847","1.1985804826681","0.65458775420485","0.4488783831484","1.2156444119248"
"'1992m9'","1.1138789720863","1.1246223796694","0.63385058867044","1.147992171948","1.0871180667386","1.1100965653958","1.1768280811554","0.65856196441841","0.44887837725098","1.2275592143686"
"'1992m10'","1.1039200889827","1.127388965534","0.62530034113022","1.1499811805927","1.0871161686306","1.1122307313337","1.1751995556335","0.64881689132451","0.44887835488308","1.2408377401756"
"'1992m11'","1.0243435116467","1.1109734050971","0.58918923245608","1.1809424100238","1.0871162075421","1.1384268787262","1.1137999193991","0.64869753216252","0.44887817195907","1.2638066950339"
"'1992m12'","0.98963544518233","1.1092934992295","0.59053981992707","1.1743204948138","1.0871178991948","1.1168369122788","1.0836089093649","0.6929550715357","0.44887821510466","1.2855029575596"
"'1993m1'","0.95840612145913","1.1072279330821","0.59262496693724","1.1807190979013","1.0871169688196","1.1366413765283","1.0462218315002","0.69430583417214","0.44887824397735","1.2914877834977"
"'1993m2'","0.95636500894258","1.1077045359488","0.59360606053856","1.1804380529776","1.0871170287472","1.1366992263483","1.0423559188708","0.70069095551782","0.44887825560115","1.2930851546987"
"'1993m3'","0.89048949970569","1.092816337044","0.60195289378451","1.1807252299961","1.0871188499899","1.1392009381828","0.99214444774197","0.71088292451584","0.44887824087539","1.3192612363874"
"'1993m4'","1.1026921934316","1.0448651462052","0.57886015400117","1.2080555937789","1.0871070963016","1.1552451002315","1.0439157217872","0.72361749363833","0.44887818938799","1.3083752448006"
"'1993m5'","1.0733463376657","1.0286948841513","0.57352943673127","1.2202779081543","1.0871053348101","1.2391244152367","1.0232208801809","0.74399796427518","0.44887807660178","1.2157615485332"
"'1993m6'","1.0715934545293","1.0256164806478","0.57271703427768","1.2177684776898","1.0871054930749","1.2371763240561","1.0188787671574","0.75498418814762","0.44887808930536","1.2251476435063"
"'1993m7'","1.0834322281314","1.0248456488524","0.57206661110605","1.2155894908257","1.0871052728531","1.2466550508891","1.0330437072803","0.75012480586001","0.44887807646275","1.217869764449"
"'1993m8'","1.0410127207382","1.0236633659188","0.5752488016092","1.2023901877076","1.0871027727574","1.28735576372","1.0065049760948","0.76626806975798","0.44887815596485","1.1506902190122"
"'1993m9'","1.0445961233655","1.0245363658442","0.57510376814124","1.2028452036357","1.087103063492","1.2862979576995","1.0078912644573","0.76744588321704","0.44887815890069","1.1486949921063"
"'1993m10'","1.1149974704268","1.0276132195211","0.56891825315298","1.2260155197402","1.0871023933755","1.282726270997","1.0588519805846","0.76238047093591","0.44887808965091","1.0738971433733"
"'1993m11'","1.0719199047333","1.0027389140822","0.58939179333092","1.2028740799842","1.0870990507611","1.2464802369308","1.0061556584392","0.85761814960409","0.44887826870191","1.1270222933727"
"'1993m12'","1.0509547999655","1.0091120218849","0.58960692731997","1.184214795568","1.0871029542164","1.2517520830383","0.99919044735934","0.81338441457239","0.44887828052542","1.1165651207874"
"'1994m1'","0.96035740808884","1.0523799157698","0.60608675238309","1.1678883808461","1.0871035847902","1.2861932846944","0.94226391650532","0.82206364747756","0.44887812084639","1.1246748371587"
"'1994m2'","0.9292426742231","1.0497473619475","0.61919744885392","1.1373004451587","1.0870994301343","1.197622962645","0.96465469516133","0.90311929244513","0.44887833444399","1.1727898754767"
"'1994m3'","0.94184523566137","1.0468450388711","0.62844579823085","1.1413693332489","1.0870964472765","1.1355982855166","1.0074721087966","0.85801670494412","0.44887855748175","1.1209768970036"
"'1994m4'","0.94868104179888","1.0466488948223","0.63204866897641","1.1395027191854","1.0870946016892","1.1271289261996","1.0174999481158","0.86707297126151","0.44887857132276","1.1293423770728"
"'1994m5'","0.93314261065869","1.0497262526583","0.63113932038186","1.1336880126204","1.0870948487874","1.1361572766208","1.0166406416345","0.8692953246189","0.44887850655235","1.1475352690487"
"'1994m6'","0.93348678317136","1.0459169774899","0.63545071026812","1.1276718931064","1.087094534329","1.166715492818","1.0191843634387","0.79930268644296","0.44887864822238","1.1414432272594"
"'1994m7'","0.94999791633789","1.0609863306597","0.64203548941086","1.1107720003937","1.0870965124673","1.1789080787425","1.012094465592","0.787786660313","0.44887883035606","1.1253484948076"
"'1994m8'","1.0355498986115","1.0741015838183","0.61190026973917","1.0680116653725","1.0870890216733","1.268120822577","1.1278557905499","0.69661567329371","0.44887866371451","1.0773995838557"
"'1994m9'","1.0017258939752","1.0672193280376","0.61831213268209","1.0852585687949","1.0870908843184","1.2448281339399","1.0787528423539","0.71332439215922","0.44887876898541","1.1478682812073"
"'1994m10'","1.0102588233905","1.0524827019069","0.63605931931007","1.0787886571093","1.0870905358155","1.2906687623845","1.077084745551","0.69942402941593","0.44887879243811","1.132701084797"
"'1994m11'","0.9334501749142","1.0942267721783","0.66242541215085","1.0612102578924","1.087096119414","1.2365463394723","0.97932832353708","0.79910174764342","0.44887870166222","1.1733291742929"
"'1994m12'","0.9294733369175","1.1000893324991","0.65949232672503","1.0553520126526","1.0870993928723","1.2400810511515","0.97729275652118","0.79976857796314","0.44887869284327","1.1748718360409"
"'1995m1'","0.92971944771229","1.0754108161278","0.65958161673999","1.045827252532","1.0870966217978","1.2099935273843","0.99873423081567","0.83706748092138","0.44887886284522","1.2342133537866"
"'1995m2'","0.88647183279757","1.1007094482382","0.66933621232934","1.0486183224958","1.0871005113391","1.2561023402389","0.94812384430894","0.76340391376129","0.44887874548592","1.2252878745105"
"'1995m3'","0.88562827955755","1.1108284558461","0.68273788041908","1.0555713055928","1.0871018328228","1.2807811350462","0.94874072304706","0.73240470281653","0.44887859277683","1.1884277157969"
"'1995m4'","0.89604188993308","1.1096015558007","0.68438129328896","1.0217871103792","1.0871032001013","1.3626842355911","0.9553395803026","0.7263729263739","0.4488786336309","1.1790042484867"
"'1995m5'","0.92373708654789","1.1016112945123","0.68899777032715","1.0327445800649","1.087102880568","1.342911251121","0.95777826143819","0.67730073005244","0.44887888067235","1.2248153670862"
"'1995m6'","0.87214199690685","1.1053278953392","0.65585226999385","1.0330302492309","1.0870984035302","1.423769856425","0.94080657599683","0.69995832266509","0.4488787408181","1.170160481158"
"'1995m7'","0.75302036243773","1.093652721374","0.65942888022104","1.0160387508037","1.0870977907915","1.4508639561971","0.89000243163325","0.72304448745998","0.44887855948539","1.1252236695219"
"'1995m8'","0.74706044751955","1.0922638239407","0.65577668279253","1.0096739612674","1.0870968762219","1.4481210521966","0.88518717048065","0.74080262722876","0.44887855060738","1.1424277483967"
"'1995m9'","0.87923949926616","1.0574370065087","0.64972563164567","0.98113881356891","1.0870935218758","1.3692712575555","0.99342858236863","0.85515970404794","0.44887881478019","1.1941168457531"
"'1995m10'","0.83828235122833","1.0714716598044","0.64665907997701","1.0082731479484","1.0870931391078","1.3271398216143","0.95961664789739","0.83383294962651","0.44887875654384","1.2058491359821"
"'1995m11'","0.84410289303107","1.0825481422549","0.65124490864294","1.0537097364932","1.0871038895922","1.1631435390746","0.97991941416279","0.78783245870336","0.44887864685758","1.2516913105197"
"'1995m12'","0.84148242431932","1.0772965139439","0.6617113017396","1.045480009684","1.087105738266","1.125941525294","0.9892010181606","0.8072946355474","0.44887873362168","1.2477892527306"
"'1996m1'","0.84742951310537","1.0945238640796","0.65606031001062","1.0425694230103","1.0871086705389","1.1267210475545","1.0106566378708","0.80847165355751","0.44887875133588","1.2591713997573"
"'1996m2'","0.85485129795029","1.0838622133254","0.65474856927704","1.0467145977419","1.0871079934886","1.1662966202495","0.99564054354532","0.75566046908175","0.44887863599862","1.2553698016267"
"'1996m3'","0.83689458801141","1.0970308969788","0.66141626591895","1.0559191849067","1.0871089540418","1.1471285730939","0.98358792971012","0.74158551185386","0.44887861167391","1.2489259970944"
"'1996m4'","0.78789350811806","1.081528624564","0.6686917117804","1.0613144968826","1.087105293777","1.239034669648","0.92338510855604","0.7444454852389","0.44887843560378","1.1676466008688"
"'1996m5'","0.87299270586571","1.052752923183","0.65505377123866","1.0682728390334","1.0871062678791","1.2493640642018","0.96421741107791","0.71409067455335","0.44887841264493","1.126535316092"
"'1996m6'","0.82199510898071","1.0612686460217","0.65179312235938","1.0732415821914","1.0871036292056","1.2733265415868","0.93722054943008","0.70333654007322","0.44887828924873","1.1039866913582"
"'1996m7'","0.75575965919379","0.99916115587515","0.66009650364821","1.1054014257292","1.0870912101653","1.1915499904735","0.89254215193484","0.91359130244339","0.44887878572072","0.9256780845028"
"'1996m8'","0.67040443180928","1.0052605493051","0.65775840700589","1.1193172843745","1.0870896811597","1.1998455568041","0.85319235597654","0.80176469896493","0.448878811157","0.94035080793232"
"'1996m9'","0.71836504270939","1.0077787652582","0.6528270664109","1.0674506336942","1.0870952213942","1.3342867645799","0.90816333244297","0.69129144715488","0.44887856842644","0.97457274696548"
"'1996m10'","0.72016118418677","1.0069640389595","0.66210566342142","1.0622430961701","1.0870955316108","1.327301251229","0.90741660386576","0.6944089319654","0.4488786250706","1.0041586579461"
"'1996m11'","0.72150792193725","0.97934603429576","0.66592025920068","0.99486951317744","1.0871005500782","1.4655976912066","0.91986704383678","0.72208462755046","0.44887846294285","1.068698763285"
"'1996m12'","0.70779348279994","0.98391136042251","0.66384693982045","1.0106130784352","1.0871010480765","1.4722680494954","0.92423417460127","0.68847591345605","0.44887846608332","1.0726809503699"
"'1997m1'","0.76329193708297","0.96240219182419","0.6794756756958","0.9588631134098","1.0870887025372","1.5527521513956","1.0001409992602","0.6363415878985","0.44887828218657","1.1009848280924"
"'1997m2'","0.75054262227875","0.96046807648521","0.68519781506846","0.95367073028576","1.0870885855887","1.5668924487136","0.992771371772","0.62556633522241","0.44887829431557","1.0877588993753"
"'1997m3'","0.8375422777329","0.93856572089505","0.59928331864324","0.90514941936715","1.0870785217618","1.5136666657168","1.0488974330488","0.78075425258273","0.44887849582315","1.1283146611273"
"'1997m4'","0.91678596030223","0.93473732741781","0.58344247872047","0.89432611947176","1.0870874486565","1.5585253238823","1.1074973468787","0.74908168217827","0.44887819756743","1.172186537657"
"'1997m5'","0.86144691313891","0.9182702161063","0.60557820995756","0.87382741194337","1.087087937264","1.5170369675347","1.0455481644163","0.7755254814258","0.44887818539027","1.084304660586"
"'1997m6'","0.84011493452778","0.92721247651754","0.59685518981329","0.8766874488851","1.0870921942183","1.4457480600849","1.0598683791286","0.7647076331174","0.44887818819865","1.1079305284315"
"'1997m7'","0.75891394199534","0.96897495029487","0.63874896672022","0.88685528870141","1.0870826455754","1.6031840341592","0.91597979619684","0.65177821624742","0.44887800826477","1.1684570568861"
"'1997m8'","0.88068636507862","0.98310358394417","0.63224709822016","0.87318998309845","1.0870900792984","1.5628691655989","0.99741998284832","0.66606156849431","0.44887806995367","1.2040977315916"
"'1997m9'","0.85660250611044","0.93945690124447","0.65441637094664","0.88807587437192","1.08708142469","1.4652028542272","0.98197868242004","0.79775769760536","0.4488782421329","1.237548997318"
"'1997m10'","0.84503229471047","0.97033873918578","0.65256298524193","0.87733271807291","1.0870930227198","1.5003544770597","0.9555248342421","0.7275511323783","0.44887810552769","1.2023529155114"
"'1997m11'","0.91064517077382","0.96771152649388","0.62393122794517","0.88900376985296","1.0871010583175","1.4772553138064","0.98171749124905","0.85091945975376","0.44887840083042","1.2086691185772"
"'1997m12'","0.92490501949647","0.96132891126175","0.61881063976632","0.89304691760003","1.0870972841009","1.4471193413697","0.99370870773689","0.86029310764612","0.44887858697019","1.2335294740435"
"'1998m1'","0.92223899726038","0.96120494956085","0.61733829564013","0.89334219055829","1.087097401984","1.4502697156216","0.99455127416739","0.86412282873518","0.44887857305184","1.2312046630544"
"'1998m2'","0.87765135283781","0.95924869981079","0.63394564397272","0.95989502347674","1.0870902619336","1.4535087394575","0.9384334054165","0.6806244718236","0.44887844543333","1.219323695724"
"'1998m3'","0.87290057418897","0.96412374067749","0.64201303314151","0.98440855697473","1.0870852338314","1.3744051166206","0.92286488720461","0.83553705939281","0.44887885694025","1.2089525379295"
"'1998m4'","0.85190481910179","0.96760675141674","0.64631020430208","0.98479356868891","1.0870842708831","1.3862869601309","0.91718555066014","0.81485594120183","0.44887881068028","1.2082311049299"
"'1998m5'","0.79938589424999","0.96538281744456","0.66199040239585","0.95158895681899","1.0870855928893","1.4197016568867","0.89446919470076","0.81253955091699","0.44887884958083","1.1906163642611"
"'1998m6'","0.81469527076967","0.922478203957","0.63884595100992","0.97085181108051","1.0870789655432","1.4859498991616","0.91976880521902","0.78887748492184","0.44887891494522","1.1874887875002"
"'1998m7'","0.84906673379946","0.95298422567651","0.66086489670211","0.96983272452571","1.0870849192211","1.4301717164753","0.92333933683935","0.71750478695934","0.44887917555817","1.1722967117146"
"'1998m8'","0.82789256924044","0.89910423306966","0.69041505381086","0.97907698294699","1.0870285167136","1.258317726454","0.85369124040649","0.69905999955441","0.44887675238772","1.2887451746489"
"'1998m9'","0.75128184527477","0.87718752457657","0.74966149208747","0.90625247047244","1.087006694904","1.3484504222844","0.86203288534529","0.78866198062877","0.44887753707661","1.1979306863987"
"'1998m10'","0.91947464102538","0.85781827291479","0.71148656891087","0.95868740778628","1.087034316131","1.3016880623488","0.89481350189177","0.83536845184899","0.44887664077746","1.2398354121028"
"'1998m11'","0.89011277658516","0.8458194638515","0.67348332557243","0.99319733779333","1.0870167819195","1.3549949629985","0.88390679038108","0.82430081313785","0.44887638523931","1.2105242548855"
"'1998m12'","0.79967622578107","0.78042847360936","0.63183868890248","1.0260440403793","1.0870029432586","1.453146864121","0.83002321240983","0.97199251035043","0.44887631446001","1.1144207771239"
"'1999m1'","0.72384206751005","0.75197124829023","0.60084966202417","1.038316819224","1.0869950571512","1.5428093733969","0.78126107059645","1.0260093322174","0.44887569727786","1.0770702232099"
"'1999m2'","0.74712859123285","0.73606541117431","0.60581272667523","1.0090288559362","1.0869853697007","1.5993682593388","0.76513418777234","1.0097119280285","0.44887589605443","1.0010034556897"
"'1999m3'","0.66802136718878","0.7350035330764","0.65553236788248","1.0186839499088","1.0869921533569","1.6272612812788","0.74435661437551","0.95306415426183","0.44887559132938","0.99638015264052"
"'1999m4'","0.62391251906315","0.86382305365401","0.71511240832513","1.0093134454564","1.0870076779877","1.5637717129162","0.63938179764045","0.96761564626555","0.44887620813021","1.0387990606489"
"'1999m5'","0.60838457588771","0.88226664141393","0.7206017575202","1.027320075287","1.0870071644413","1.5534744416862","0.64109049966869","0.93149301704338","0.4488758567138","1.067717306894"
"'1999m6'","0.49454591348952","0.87396417793563","0.69797086913494","1.03039374928","1.0870165909726","1.6005755743381","0.60033363447842","0.95920251986603","0.44887516371474","1.011062071865"
"'1999m7'","0.49399585652626","0.86227478711268","0.6818666412083","1.0522159163307","1.087010706749","1.5678688130394","0.62767002278721","0.94397465265449","0.44887511434793","1.0568501763429"
"'1999m8'","0.50995153857335","0.87349685147617","0.67853498897663","1.0602702666361","1.0870064125049","1.5359072299879","0.61392360056414","0.99633016619376","0.44887510288","1.0843049002044"
"'1999m9'","0.67083409742694","0.88483827905363","0.68781492390277","1.0237923061095","1.0869996546367","1.502514830591","0.71494575278264","0.90667721613192","0.44887536008101","1.1316972325705"
"'1999m10'","0.74526585783842","0.84895142603937","0.63340162535183","1.0089835167228","1.0869755600999","1.3717938120652","0.84896520085294","0.97129578713969","0.44887515656679","1.3574882046938"
"'1999m11'","0.72481492929952","0.82263663595957","0.63465575595861","1.0001905275701","1.086961687131","1.4343452253457","0.81752964224342","1.0124801943235","0.4488744180419","1.2024492175151"
"'1999m12'","0.38489455512444","0.86380784900429","0.57728441943867","1.0170805315823","1.0869962201884","1.6010268619653","0.4589941977105","0.9090680075207","0.4488736825098","0.83759470838855"
"'2000m1'","0.4998067798935","0.9257678696477","0.56551724884272","1.0616057458932","1.0869942453193","1.5878641344122","0.41208448845305","0.95839234928911","0.44887231581639","0.84420891588127"
"'2000m2'","0.35329688512632","0.87447072823768","0.54229628106825","1.014198144104","1.0869920610087","1.6631435669166","0.30865089432417","0.87205594638234","0.44887188295616","0.70639734369581"
"'2000m3'","0.26813227228555","0.9368423929485","0.59419893381098","1.0814905589149","1.0870200946107","1.633380895175","0.30863853867431","0.96831707725061","0.44887226980962","1.0285593232265"
"'2000m4'","0.18101755297942","0.90420870957831","0.57411680326205","1.0472831310363","1.0869924047015","1.647408207098","0.20953018720723","1.0194522323263","0.44887097787865","0.96056268766248"
"'2000m5'","-0.0062147130444037","0.90213742189476","0.51630436865905","1.0675630498584","1.0869829252208","1.7097890417517","0.11480208891666","1.1297877744081","0.44887034968136","0.79514511354538"
"'2000m6'","0.01197679234419","0.79764278228813","0.46455623765262","0.98500762576649","1.0869542670874","1.7810026495152","0.24309986407771","1.0953873756846","0.44886947454831","0.61801883366112"
"'2000m7'","0.03572959269703","0.78465784760113","0.46774640407344","0.98650572196762","1.0869501438898","1.794842939108","0.2876198579908","1.1535343141068","0.44886908487145","0.49103092754565"
"'2000m8'","-0.044181816818496","0.73131410927751","0.50656478498862","0.83290967449642","1.0869919042131","1.7942415852377","0.24496366790952","0.84450558270816","0.44887083163735","0.64884816425681"
"'2000m9'","-0.11588168105751","0.78240801873489","0.46762620234107","0.80419523760922","1.0869830700834","1.890138275326","0.15615952186823","0.81637194309401","0.44886944581017","0.52547641064899"
"'2000m10'","-0.24999641616821","0.71583277124139","0.47706366047742","0.8073887198126","1.0869762018197","1.9142303470627","0.10856149790482","0.77799786209389","0.44886972626324","0.52388661403129"
"'2000m11'","-0.25843682309573","0.63177221846481","0.47737513737953","0.769737475635","1.0869513575794","1.9786633492141","0.032637252685932","1.037736719387","0.44886898491365","0.53008857152587"
"'2000m12'","-0.24334608254136","0.65816921111357","0.48657023138688","0.77839749126904","1.0869506918931","1.9449842322271","0.043295356496095","1.0007034896395","0.44886921580275","0.5655506610313"
"'2001m1'","-0.3203642227947","0.63097904632568","0.46698120777352","0.82790508269978","1.08693827115","2.0199732308332","-0.053677591974597","1.1497103258481","0.44886828336736","0.53278895200619"
"'2001m2'","-0.2360769323456","0.54682533960741","0.43424836165983","0.79702571158679","1.0868648749363","2.187966307981","-0.018506340046137","1.1526441665745","0.44886656426571","0.58413346375142"
"'2001m3'","-0.06220432863496","0.54250911545071","0.42424063004983","0.76971518390923","1.0868909435723","2.1723200263218","0.15290571022628","1.1183991960662","0.44886608064982","0.57518817592682"
"'2001m4'","-0.086632845588497","0.57969294207696","0.482101380244","0.76752159657551","1.0869559563277","2.1735003112629","0.17019115362459","1.0214803953847","0.4488663692234","0.54980812149518"
"'2001m5'","-0.082606938454687","0.58283592850643","0.48107039838994","0.7697836302583","1.0869565432314","2.1633344072431","0.1735089762213","1.0110710279168","0.44886629872077","0.55716131330246"
"'2001m6'","-0.049378200282751","0.58832761460092","0.49808160773363","0.76737389045124","1.0869624425905","2.1417449146627","0.19368102523465","1.0297956658327","0.4488666484246","0.55020889521464"
"'2001m7'","-0.0495674296707","0.58253116639676","0.50186867950687","0.75285028475699","1.0869694787102","2.1539642041826","0.17303883073648","0.98197184677745","0.4488668562578","0.55175616113031"
"'2001m8'","-0.13425458917692","0.55733198867057","0.51157700444297","0.80792466047686","1.086959349107","2.1355771748383","0.17914610543119","1.0652077845487","0.44886685349227","0.60445049465326"
"'2001m9'","-0.02972295635194","0.65334148774993","0.53022630447264","0.9117386740378","1.0869908131642","2.146637625733","0.1524657843375","0.64435172304119","0.44886845900457","0.61136831957459"
"'2001m10'","-0.043318620580131","0.65654292919131","0.53919154440725","0.91378940739357","1.0869904157314","2.2171293006065","0.14907678323424","0.51647369277201","0.44886835006021","0.58029194165863"
"'2001m11'","0.017541278775608","0.73008708438424","0.47067699297579","1.0021352325034","1.0869987190834","2.1995301870405","0.20160727491643","0.46889331213866","0.44886676677142","0.63162169217928"
"'2001m12'","0.018502330798494","0.72628170692201","0.48041544605591","1.0115877936633","1.0870019160691","2.1793291508273","0.18843081424936","0.47378448525763","0.4488668414486","0.64156214141075"
"'2002m1'","0.015304049180479","0.72213062643649","0.48360651264905","1.0047620967785","1.0870114976832","2.1620541130671","0.19317935296151","0.52031115788732","0.44886701711845","0.64587543562817"
"'2002m2'","-0.029778355877985","0.70000476397361","0.46927916728107","0.99241575728509","1.0870004139684","2.2169434960089","0.18278733303724","0.57432179297314","0.44886712065956","0.64280692477342"
"'2002m3'","0.040158271047533","0.69585961716861","0.49552337698012","0.9768079256636","1.0869820073791","2.1895698334489","0.19029677714202","0.49523031219052","0.44886811270687","0.70457159703161"
"'2002m4'","0.0044969801868189","0.69577801328088","0.50754780244166","0.95233775096801","1.0870068660567","2.1980987057459","0.25270415710385","0.79318433701848","0.44886808012299","0.66279586284524"
"'2002m5'","0.0043025627323782","0.68802608435448","0.50774950169306","0.9497826274107","1.0870038564528","2.2022179309239","0.25868477816083","0.76319803546508","0.44886836109342","0.65744326225899"
"'2002m6'","0.21846177982041","0.64671720594149","0.49207270945657","0.97223508365597","1.0869968973572","2.1266161660223","0.43136485779346","0.99193622267763","0.44886911320963","0.66534995833014"
"'2002m7'","0.32278448419349","0.72305756385761","0.56230225319186","1.016369074976","1.0869264717962","1.9590548990977","0.4308130316347","1.1265239402603","0.44887104924814","0.69993944829128"
"'2002m8'","0.32415378947215","0.72171185115147","0.56218460640549","1.0177398887107","1.0869244656958","1.9557588215705","0.43216462768872","1.1220850388508","0.44887108535875","0.70327480456987"
"'2002m9'","0.46019121599932","0.80592553329392","0.59037947989307","0.98770726875035","1.0869476877462","1.895339493945","0.48719030939961","1.2014186475314","0.44887306522103","0.80968963119926"
"'2002m10'","0.44764185627438","0.79511160659041","0.575487294286","0.95750852749597","1.0868963319154","2.0042517232962","0.5017575004754","1.6862502917174","0.44887203129635","0.82073620105435"
"'2002m11'","0.33569798138934","0.84656713505434","0.5724145551792","0.96130027012986","1.0869043160053","2.0569581292196","0.45259426898944","1.7260842046471","0.44887184688716","0.79492144933939"
"'2002m12'","0.29799965915794","0.84532232173398","0.55038915975467","0.98888914992762","1.0869013708176","2.0800776646462","0.44897746715364","1.6881986859951","0.44887094320602","0.79631941119795"
"'2003m1'","0.33055845659131","0.85532934713607","0.55448002694319","0.99456783632973","1.0869082101668","2.0562083197194","0.45519355757824","1.7106443114146","0.44887109952059","0.797321663074"
"'2003m2'","0.35216589748511","0.85739461332683","0.54825838481613","0.99268986338894","1.0869048947702","2.0295555932944","0.46562329760219","1.7457402327694","0.44887128526321","0.80977202204748"
"'2003m3'","0.34576746739538","0.8567144091748","0.54816171729816","0.99716271938484","1.0869042196562","2.019584756267","0.47115099604699","1.7358985225117","0.44887137835493","0.80471999693186"
"'2003m4'","0.35056066156352","0.89179280932649","0.50562324580901","1.0429758037768","1.0869251237911","1.8632683351723","0.45096990154069","1.5804891844703","0.44887206755787","0.94329554517292"
"'2003m5'","0.48348105579414","0.88218864700345","0.54289839943532","1.0091072266945","1.0868937245043","1.827614873954","0.48819757401843","1.5275354228957","0.44887310920248","0.93253155272755"
"'2003m6'","0.48050059738976","0.87908785964451","0.53964982602999","1.0105662979131","1.0868943180611","1.8182812124777","0.49971128064347","1.5340499257202","0.44887311283259","0.92681864231061"
"'2003m7'","0.45135357423997","0.89605049052655","0.52877177869243","1.0129370621098","1.0868966591587","1.8277503003486","0.47719723846898","1.4502384226968","0.44887270733874","0.94715639284123"
"'2003m8'","0.44589133754313","0.89925586489948","0.54223579809661","1.0253924133832","1.0869040673053","1.8395324399043","0.44229132222689","1.4154963998589","0.44887269627742","0.91626318499689"
"'2003m9'","0.43470280689697","0.9048603365226","0.54486526112375","1.0370244278395","1.0869073650032","1.8339629907106","0.43499789086052","1.4284651717246","0.44887254750361","0.90489793005262"
"'2003m10'","0.49815543679302","0.94987319850888","0.5297850102539","1.0641872904536","1.0868945106824","1.791693838625","0.4138345236319","1.3542402368978","0.44887223934265","0.93606862995522"
"'2003m11'","0.5135134164879","0.95183862577212","0.52922630956374","1.0599040754854","1.0868943015834","1.7875869927835","0.42308904897551","1.3370797870088","0.44887222500792","0.93138802357511"
"'2003m12'","0.50583026886665","0.98853738504383","0.58576085655004","1.0326822373691","1.0869133736312","1.7061481780285","0.47322334177426","1.3996661413339","0.44887266409223","0.9342751348083"
"'2004m1'","0.48820504755505","0.96580815973226","0.5841380929635","1.0194354365835","1.0869132688152","1.7081581237915","0.47996315827745","1.40177164307","0.44887270082135","0.9493039409454"
"'2004m2'","0.51930415379373","0.97693279119851","0.59042480762826","1.0255266296525","1.0869086212509","1.6809539303148","0.49019498923844","1.3998953430056","0.44887272655885","0.96065848819691"
"'2004m3'","0.52219881692111","0.9765734083202","0.59005356697213","1.0217358916809","1.0869095874096","1.6849366490317","0.50269967316068","1.3920274809551","0.44887268007552","0.95602548415571"
"'2004m4'","0.47817091312699","0.98645727839769","0.58557088648645","1.0207919037095","1.0869053338019","1.7034309733115","0.46383484296839","1.3729352695151","0.44887283992447","0.99900341051008"
"'2004m5'","0.46017401660908","0.98847744644377","0.58395108417424","1.0162900257011","1.0869069945687","1.7175307535682","0.45389903177852","1.3356192609926","0.44887285296057","1.0047777189425"
"'2004m6'","0.46333231442041","0.99977115393132","0.59557440338159","1.0048274072413","1.0869152770753","1.7142725777016","0.44341358622839","1.3403284969248","0.44887289452498","0.98392150561873"
"'2004m7'","0.6085076821587","0.98773141848181","0.56221991943998","1.0033445203016","1.0869019383295","1.7317606344782","0.5564810107793","1.122819208648","0.44887258354287","0.93031831479032"
"'2004m8'","0.60972022657201","0.98805444724765","0.56204154619831","1.0032222098784","1.0869019036297","1.72986868588","0.55719718275898","1.1233010473307","0.44887258906399","0.93214394051561"
"'2004m9'","0.54029772929714","0.99998626314015","0.58042441726507","1.0092818526663","1.0869026564417","1.7321827937984","0.52145789681895","1.1206847930707","0.448872598743","0.9059465316265"
"'2004m10'","0.52912619940881","0.98961108042647","0.57898747475525","1.0195628680997","1.0869005567665","1.7521003768288","0.49672003264823","1.1154530187222","0.44887272763482","0.89646352033746"
"'2004m11'","0.60291695312886","1.0218071300783","0.59912204207598","1.0002223089806","1.0869066846072","1.6621199164262","0.50547418817544","1.0846589088077","0.4488730319415","0.86180538134393"
"'2004m12'","0.67544569351896","1.0211033905769","0.5753634104167","1.011283317562","1.0869001035515","1.6217270842453","0.58462696896864","1.0623151244199","0.4488731230029","0.89040252466131"
"'2005m1'","0.61147735109296","1.0165929976948","0.55699357635621","1.0206172363019","1.0868958256775","1.6314282993248","0.591691902552","1.1378780722874","0.44887289977991","0.89362240133833"
"'2005m2'","0.59627634065672","1.0413071569813","0.6064289385554","1.001664144821","1.0868915581108","1.6060105586808","0.59711550977893","1.122616005034","0.44887296084942","0.86392835367837"
"'2005m3'","0.59427418963786","1.0477689387543","0.61402720915978","0.996851863448","1.0868846384317","1.5996842226","0.58729763460301","1.1128830612024","0.44887291786869","0.89840480858531"
"'2005m4'","0.57180325088732","1.0730956540839","0.6318743505319","1.0341826313943","1.0868846037077","1.597829718892","0.52004596706304","1.0534319320423","0.4488727164148","0.85960063441601"
"'2005m5'","0.56755368648223","1.0483647280624","0.62689567698919","1.0518041899592","1.0868760192287","1.6428665456899","0.50499283810067","0.9720983133871","0.44887260704567","0.84625533498937"
"'2005m6'","0.55125053882394","1.0484790015236","0.63221552642463","1.0507871512533","1.0868738597793","1.6347319904365","0.49776904263473","0.97626587935974","0.44887268286088","0.85128513096354"
"'2005m7'","0.56441886046328","1.0750841901384","0.65294607671087","1.0618444289054","1.0868676220471","1.6192231026719","0.50740693376468","0.95090214757012","0.44887274753095","0.80079362474817"
"'2005m8'","0.56595414936672","1.0892370023279","0.64105455555185","1.0768812849258","1.0868685819815","1.609598482213","0.5056009570555","0.96716204556684","0.44887271954882","0.8123212014895"
"'2005m9'","0.56953153005674","1.0877332474274","0.64583352738887","1.0711885116689","1.0868683746792","1.6085177821084","0.50321655167433","0.9601811040986","0.44887277078568","0.81268177181581"
"'2005m10'","0.58852238649306","1.0868853757511","0.67490087968605","1.0651406216224","1.0868680861551","1.5910780859721","0.5246632690286","0.97376552918477","0.44887314158188","0.7442041390208"
"'2005m11'","0.52080212950436","1.1070091543813","0.66604785509651","1.0638658803938","1.0868743704254","1.5981061153221","0.49593036975443","1.0063074549219","0.44887285212078","0.7874916706645"
"'2005m12'","0.52157441194235","1.1058429054864","0.66570230258799","1.0647588577252","1.0868742769655","1.6008737742323","0.49322323499969","1.0122770190368","0.44887284612588","0.78753601872144"
"'2006m1'","0.47109021845387","1.1349726088267","0.72992471587172","1.0392785486049","1.0868652558688","1.5824819632995","0.46498017554017","1.0164825685764","0.44887294560942","0.75204376273301"
"'2006m2'","0.46831398586749","1.1375307013926","0.73500111009059","1.0385407523679","1.0868640050117","1.5846714597252","0.4647804502794","1.0003610091327","0.44887294461369","0.74762769354167"
"'2006m3'","0.44766330891477","1.1468274629571","0.74254576740573","1.0369461963017","1.0868682026355","1.5805505571376","0.43593083382776","1.0274151964328","0.44887272610549","0.73995008028234"
"'2006m4'","0.4462941274651","1.1576955870347","0.74803929399649","1.0334817658973","1.0868689940393","1.571850332872","0.41190698713644","1.0043654042053","0.44887274262255","0.7549108540077"
"'2006m5'","0.41077670330526","1.1602207286899","0.75410391397901","0.99829378933002","1.0868641718899","1.6101212124983","0.44341949217473","1.0366692813596","0.44887254221676","0.79256122955096"
"'2006m6'","0.40906233830555","1.1605161693479","0.7528234809004","0.99881963603133","1.0868645001113","1.6113579487078","0.44425620479034","1.0229717574915","0.44887251939924","0.79357458940945"
"'2006m7'","0.38227968541781","1.1678001055288","0.74580440338707","1.01553767927","1.0868701261087","1.620947145444","0.41489736338357","0.99613191008117","0.44887241289854","0.77626217465146"
"'2006m8'","0.43466602788968","1.1578761482979","0.72100105771936","1.0154090739983","1.0868675183728","1.6683276027921","0.43458216576799","0.98399193095474","0.44887246759837","0.76517214424006"
"'2006m9'","0.37952498171208","1.1389983387383","0.70242422858244","1.0500455130921","1.0868693892229","1.6789729546287","0.43129863744096","1.0211250143786","0.44887227981257","0.80344219439336"
"'2006m10'","0.3748191667708","1.1666937431321","0.71409939171197","1.0793979617915","1.0868659098997","1.6447100658454","0.38931959218145","1.020593274093","0.44887260627827","0.80021273224562"
"'2006m11'","0.39797647187256","1.1796286998148","0.73732030166396","1.0677200385537","1.0868659107663","1.6469865373201","0.36680594625634","0.98230326871124","0.44887265369737","0.78768075300032"
"'2006m12'","0.41076453971985","1.1749628727996","0.7315767039097","1.0683079600169","1.086865406372","1.6311863429511","0.36732335179389","1.0104424591426","0.44887265163215","0.80652930154133"
"'2007m1'","0.43422422055552","1.189449739591","0.72354814823297","1.0799895500253","1.0868657012275","1.6245412830201","0.39290987494238","1.0345403112372","0.44887260278026","0.80346242159837"
"'2007m2'","0.47124036307905","1.1600892996014","0.72715825548269","1.0826513905076","1.0868624021405","1.6283276027958","0.43326237684959","1.012525555636","0.44887230328688","0.84046446260799"
"'2007m3'","0.48053231299926","1.1623487228031","0.73486835844101","1.0783396079951","1.0868622792556","1.6242306423038","0.42733987575382","1.0298209996426","0.4488723706759","0.82906952036919"
"'2007m4'","0.49744312382127","1.1511485064347","0.75072540587368","1.0500362151335","1.0868651487053","1.6061850365975","0.56635653368515","0.90234598799566","0.44887257811276","0.83326944147376"
"'2007m5'","0.47305085999735","1.1843144798634","0.77593831137454","1.0268132006074","1.0868720733911","1.5736227713373","0.53708937096167","1.0841783979842","0.44887246551262","0.80550607552523"
"'2007m6'","0.51567334648747","1.1713886971577","0.76384957534575","1.0202849808927","1.0868679988477","1.5304939886931","0.58830026169415","1.0945846048274","0.44887275724883","0.8581545569006"
"'2007m7'","0.55083210369629","1.129655753908","0.74199594883793","1.0429321433491","1.0868484702486","1.4123739470646","0.65112748741787","1.0518483060612","0.44887308892133","1.0071032289873"
"'2007m8'","0.58261441016529","1.1240777144085","0.73989896985338","1.0402878153351","1.0868466009602","1.4184288570267","0.65934439742583","1.0409487661015","0.44887310642046","1.0089100479692"
"'2007m9'","0.62907313960125","1.1834281048046","0.77248746363045","1.0060242734824","1.0868488688764","1.4006227553266","0.67733206482232","1.0676047137433","0.44887324946518","0.97406566469542"
"'2007m10'","0.63453226511222","1.2095707667009","0.77136255934651","0.99314505891057","1.0868453382693","1.4555145465009","0.67429450811698","1.0058570564801","0.44887354522833","0.9326811593747"
"'2007m11'","0.45440572916325","1.2081989118051","0.78009501495492","1.0050800875749","1.086839084636","1.4936161715974","0.55668031229252","1.1204435912789","0.44887339146592","1.024895333285"
"'2007m12'","0.46627407081731","1.1943702116406","0.7658241619289","1.018034940349","1.0868389126021","1.4812205075588","0.57653659802014","1.0984621710948","0.44887338245715","1.0521457387813"
"'2008m1'","0.60750267052867","1.1452769378045","0.8443886271492","0.93739882222377","1.0868290817829","1.5867793362565","0.64728941782351","1.1802713819815","0.44887431654748","0.83608716856954"
"'2008m2'","0.5665080277821","1.0625720529939","0.78554020996231","0.95260691161142","1.0868254103711","1.5747973516336","0.65096818589801","1.2901698914989","0.44887455437687","0.97498216266166"
"'2008m3'","0.55540071288863","1.0687473538935","0.78942201330982","0.95136805472098","1.0868212214882","1.5660342814832","0.67140755681912","1.2625057035017","0.44887453960597","0.98772120002356"
"'2008m4'","0.41971112494583","1.1152832727044","0.85412381705353","0.95990960307282","1.0868066558778","1.5675192013375","0.59886373128378","1.2087907115028","0.44887505814687","1.0269313363207"
"'2008m5'","0.42378749177442","1.1380663567094","0.86085383344196","0.9515308592831","1.0868079426799","1.5920248561904","0.59988490365007","1.2250772483546","0.44887518243006","0.94877638320294"
"'2008m6'","0.58228242598222","0.95856451661226","0.71925764707199","1.0297053880909","1.0868313771566","1.4635970940187","0.57598084055989","1.272368947383","0.44887454095984","1.3001526993013"
"'2008m7'","0.5680654878271","0.97324956179567","0.73889233147092","1.0262652740505","1.0868289382288","1.464916206806","0.55248742112025","1.2915585435588","0.44887472511885","1.275430248969"
"'2008m8'","0.57972606647391","0.94653311609067","0.73263297196971","1.0436793104266","1.0868280655031","1.4631001894621","0.55749303563258","1.3025698067027","0.44887461999961","1.2565016706868"
"'2008m9'","0.48265055879937","1.2353620731935","0.8277430048148","0.99365775399926","1.0868695353494","1.448794677695","0.61130545036371","1.338001683729","0.44887725016781","0.96293039818393"
"'2008m10'","0.62684720413721","1.3219499567132","0.90489846541371","1.0330105306447","1.0869113739463","1.2215643060633","0.66502762262391","0.96709425706941","0.44887940266069","1.1120840627482"
"'2008m11'","0.59616844284418","1.3616286790847","0.85566329375962","1.0378930678536","1.0868929346362","1.2549506637041","0.70488977494988","0.74640147594772","0.44887832707754","1.2274890880511"
"'2008m12'","0.58771025267674","1.3631376327385","0.8448976288625","1.0442180377628","1.0868923821644","1.2560613529918","0.72770755594641","0.7453923648864","0.44887815920238","1.2189533949803"
"'2009m1'","0.60292902397772","1.3109563510648","0.80305933954942","1.0728178108064","1.0869174341085","1.1448530128509","0.64604819440536","0.83919852812644","0.44887751934872","1.4598051660796"
"'2009m2'","0.66111873038865","1.2356395207108","0.84177010810622","0.98651352793986","1.0869911616081","1.0159473162097","0.75750036586119","0.70875963708564","0.44888030585625","1.4705612886401"
"'2009m3'","0.60079639198443","1.2772263743547","0.81161886909975","0.99589123595738","1.0869766836029","1.0672339910599","0.75838608279605","0.71214090720071","0.44887983555229","1.4988534608723"
"'2009m4'","0.55201605359448","1.2959074023571","0.7956311342941","1.0347144394773","1.087069569763","1.0840446397757","0.58744957219413","0.6351966822353","0.44887874560348","1.5691318055196"
"'2009m5'","0.59654192044831","1.3253228056276","0.82647402612927","0.99201718243219","1.0870493524515","1.0571612907043","0.62396479720308","0.59761687052091","0.44887903443065","1.5725740524101"
"'2009m6'","0.59613552651659","1.3218352596522","0.82418322371671","0.99180217037617","1.08704828821","1.0607110425956","0.62711350027323","0.59815436306997","0.44887910178203","1.5692104760745"
"'2009m7'","0.65071036250924","1.3586329873875","0.81410842744263","0.99594825813124","1.0870584211731","1.0701618171546","0.63608074032581","0.58855542301062","0.4488792922628","1.4927384694918"
"'2009m8'","0.63264582084315","1.34881620807","0.80472924731173","0.99519384175775","1.0870599039839","1.0618113016722","0.6337297088985","0.5503723930047","0.44887914832376","1.5564847802902"
"'2009m9'","0.64541666508245","1.3631827421962","0.81304412646208","1.000213729265","1.0870716401257","1.0667582698109","0.61806550633179","0.56851528190614","0.44887906778748","1.4940662988629"
"'2009m10'","0.62613613456468","1.3609480152272","0.80213537384152","0.99818421806683","1.0870774669295","1.0525530369925","0.62637234240783","0.60446606011379","0.44887925625927","1.5064912857259"
"'2009m11'","0.63229489978044","1.3911643095222","0.791818873292","1.0131625852442","1.0870967559274","1.0425059969712","0.71553318117284","0.6750643704559","0.44887954649581","1.4110073524627"
"'2009m12'","0.60748704564202","1.3831979861672","0.78596492471188","1.0148777003631","1.087093200317","1.0672251219132","0.72004349160683","0.71208265781568","0.44887991848579","1.3581965653637"
"'2010m1'","0.60242585193561","1.4041241533305","0.79206163647231","1.0073446792871","1.0870873527703","1.1100870586502","0.68612996455432","0.80862719339817","0.44888025581959","1.2964739790192"
"'2010m2'","0.60849342520497","1.4197521831839","0.78857305205445","1.0167090555365","1.0870905323405","1.1192317240817","0.65577383801694","0.77281606596321","0.44887992773553","1.2813451142931"
"'2010m3'","0.60889631284069","1.4074411558075","0.77577393165862","1.0327437889425","1.0871048756652","1.1060516504027","0.62173382777615","0.811699509953","0.4488798907824","1.2829345692776"
"'2010m4'","0.57664214191267","1.3982233260504","0.78161904872061","1.0420805379634","1.087111346489","1.1058079532448","0.58378045334373","0.79156040365736","0.44888001480084","1.2709466800594"
"'2010m5'","0.59782589931697","1.3731821140111","0.82885886988543","1.0200780474046","1.087120256983","1.0857193695111","0.67216648044422","0.73733111206394","0.4488807715207","1.2499069992915"
"'2010m6'","0.58599743390656","1.3760219656064","0.8301492759338","1.0557887678572","1.0871273549083","1.0871980601286","0.63507381548088","0.67480343756193","0.44888047431612","1.2131426729757"
"'2010m7'","0.63623434302791","1.4123690250638","0.8441663713308","1.0607572885042","1.0871465102199","1.0877664597232","0.5612759793336","0.78301056382029","0.44888140504097","1.1656869419899"
"'2010m8'","0.61641066532316","1.3726621835046","0.84620773645128","1.050626611408","1.0871599293684","1.1123592791166","0.54408306704295","0.68521929516519","0.44888097718084","1.1895507586015"
"'2010m9'","0.58179352867546","1.3359608078419","0.85773247468198","1.0718842521386","1.0871776435556","1.1515439164812","0.63966912614159","0.73767195050281","0.44888064201348","1.0455452863931"
"'2010m10'","0.59533595503202","1.3516948302798","0.86443485443306","1.0821534738441","1.0871716484366","1.1716000636389","0.62928756942503","0.70702325416004","0.44888058618564","1.0138223630675"
"'2010m11'","0.59058426738659","1.3525827181801","0.86730563403975","1.0845780793699","1.0871722421611","1.1685186426545","0.6223563282834","0.70288334043344","0.44888052233701","1.0103650077756"
"'2010m12'","0.60271984091964","1.3669517041097","0.88145253824651","1.0332044017947","1.0871786735711","1.1378876219759","0.62717860942396","0.77906398159388","0.44888049539217","1.0644291179076"
"'2011m1'","0.57627477757458","1.3580334396228","0.89289310861226","1.0238344184745","1.0871855462333","1.1469821852755","0.62140531365768","0.74221760995394","0.44888053324683","1.0665296815538"
"'2011m2'","0.59627492787347","1.3482166247813","0.9062470551778","1.0260558298087","1.0871777131133","1.1277701153791","0.63173498007775","0.742486193619","0.44888047652925","1.0537041038166"
"'2011m3'","0.59913939584851","1.3495026073188","0.90668295012713","1.0250544733594","1.0871785935776","1.1239841785321","0.63440380922641","0.75239957947142","0.44888047562022","1.0477461116267"
"'2011m4'","0.64044789897148","1.3441364633313","0.90127551004578","1.0355897117187","1.087177283707","1.1225035958775","0.68909844402775","0.73823696993954","0.44888071788696","1.0099269929393"
"'2011m5'","0.61393126333398","1.3494709304652","0.90678675028189","1.0323082958462","1.0871798265965","1.1241999021638","0.67303448096766","0.71881971781564","0.44888065030259","1.0188416296851"
"'2011m6'","0.63095524830419","1.3478973945168","0.90653815800204","1.0268222260572","1.0871774928075","1.1284824210722","0.67741994947972","0.72037114192497","0.44888063604824","1.0283633389328"
"'2011m7'","0.63222610413827","1.3395232462769","0.89815401285956","1.0218887080698","1.0871932053508","1.0973199471167","0.7091795096278","0.77795221856934","0.44888065273913","1.0397825687625"
"'2011m8'","0.50290174218102","1.3343555857573","0.93019736240883","1.0043574805985","1.0871966027514","1.0988547760906","0.68806129471079","0.69106874554282","0.44887990416323","1.111787308478"
"'2011m9'","0.53290178137849","1.4600931610944","0.97701469354693","0.98802728975617","1.0872116264076","0.985662173257","0.67005279893735","0.60739380687937","0.44887924648934","1.1906613260805"
"'2011m10'","0.46923949118854","1.5110497905914","1.0406098252377","1.0112649126955","1.0872529133341","1.0005206653479","0.59799647946515","0.46035491992463","0.44887893495684","1.1947723066405"
"'2011m11'","0.46735558795728","1.511077389989","1.0401096617196","1.0118495290174","1.0872523849378","1.0017236424278","0.59710792297484","0.45978005500508","0.44887892938891","1.198091372305"
"'2011m12'","0.47219384127113","1.5059470717184","1.0391710685072","1.0111754298519","1.0872519645602","0.9975360268204","0.60329264763744","0.46860481102101","0.44887899626777","1.2006029684042"
"'2012m1'","0.39317026688654","1.5394558977122","1.0209785986378","1.0195355747256","1.0872695029396","1.0455309121245","0.61108990201946","0.38617697961669","0.44887798599782","1.2186359943805"
"'2012m2'","0.43229059921575","1.4907743547915","1.0277174550345","1.0170451450059","1.0872563951007","1.0775191426247","0.58522412833808","0.42472602227991","0.44887768680244","1.2128915939376"
"'2012m3'","0.45043610079362","1.4620365522637","1.0033058002117","1.0218580042954","1.0872474905791","1.0936100746718","0.61047326175136","0.42590762465422","0.44887765140016","1.2485423330284"
"'2012m4'","0.44807817455955","1.4601846513812","1.0034947888224","1.0200805939055","1.0872471517434","1.0977081587676","0.6095996794974","0.40869168633246","0.44887758790765","1.2491586276013"
"'2012m5'","0.44469914503031","1.4719034600599","1.0372321936501","0.99199461806229","1.0872494401895","1.1257931733959","0.60685953005348","0.28587721335582","0.44887714704827","1.2671867062704"
"'2012m6'","0.46821993761081","1.4605241346562","1.0414072108223","0.97357904194213","1.0872424926491","1.1074806847051","0.65555035807235","0.36455091103165","0.44887739567288","1.2663748345771"
"'2012m7'","0.47463481840555","1.4580367737862","1.0448630332085","0.97351574666077","1.0872417878769","1.106327857295","0.6565250916921","0.3843704760064","0.44887745658655","1.2637185657097"
"'2012m8'","0.44695090157377","1.4561109847388","1.0417801846957","0.98427401840233","1.0872382257942","1.1259800947655","0.65152647772767","0.3468908794031","0.44887695591303","1.2572218532022"
"'2012m9'","0.44102952813365","1.4522568448981","1.0427318708978","0.98606756452804","1.0872330259077","1.1079795894318","0.67981125879993","0.39370896758652","0.44887694817329","1.2482455156051"
"'2012m10'","0.45231007078562","1.4427588117489","1.0437982182524","0.98007379884588","1.0872283768264","1.1408459021222","0.68209445745885","0.43163459437899","0.44887681518567","1.2082677543874"
"'2012m11'","0.46244748987086","1.4403767091406","1.0414004749263","0.98281107243233","1.087229740503","1.140175769921","0.68223914743903","0.42792199351972","0.44887668324833","1.2015477820911"
"'2012m12'","0.43737584503273","1.4459113798674","1.0398926439709","0.97763821580787","1.0872314547799","1.1343606002242","0.67210495370197","0.42087860467283","0.44887664802386","1.2208633715641"
"'2013m1'","0.56708754546209","1.3980662569457","1.0635152844114","0.98193194530867","1.0872318080661","1.0405534930052","0.77957744793353","0.42988831672128","0.44887713984353","1.2043278021824"
"'2013m2'","0.58749382524425","1.3875215476648","1.0609451663994","0.97959560110394","1.0872336899284","1.0335208219469","0.77957387665155","0.44698225359637","0.44887719304215","1.2042370007329"
"'2013m3'","0.63828917813218","1.3559767854252","1.0511022640256","0.98804350181205","1.0872233944357","1.0025028054116","0.84846131019684","0.48491322292744","0.44887769786869","1.1796034566077"
"'2013m4'","0.65532169776907","1.3484715007469","1.0455490689806","0.99491691027308","1.087218023363","0.99887196814676","0.86391805669068","0.53579382579198","0.44887796643274","1.1882256398714"
"'2013m5'","0.57312998992941","1.3403420908845","1.038495483754","0.99235726057319","1.0872236654493","1.0118307161694","0.84528627725073","0.39929959909199","0.4488769700672","1.2113810240407"
"'2013m6'","0.57393368507689","1.3506077964481","1.0383533621892","0.98660545492399","1.0872247737803","1.0240112008034","0.84688337846768","0.3756084976867","0.44887689446203","1.2115053409282"
"'2013m7'","0.58949218699212","1.330360464713","1.0240300697172","0.98898488074375","1.0872231304236","1.0186886276691","0.92837703695312","0.28373726645723","0.44887720876516","1.1415778342118"
"'2013m8'","0.63622854421391","1.3049676430537","1.0211567272641","0.9919566829293","1.0872196975829","0.99067864258763","0.94684675695349","0.31695438907304","0.448877649573","1.1714584812992"
"'2013m9'","0.60010058926943","1.2981478164404","1.0121054902025","1.0128074144418","1.0872285512722","0.98336211288354","0.93614857469234","0.29308334380714","0.44887755130398","1.1444167422029"
"'2013m10'","0.70169597502765","1.290482932158","1.0093157895969","1.0072729732611","1.0872259989037","0.99194536469184","0.92277516816929","0.44811415321856","0.44887783743864","1.1165524407489"
"'2013m11'","0.68240488523429","1.2613493138814","0.99522367196654","1.0065865418593","1.08722488754","0.99495902887175","0.9462107575258","0.40258936111521","0.44887738403584","1.1200307868112"
"'2013m12'","0.66000923225453","1.2729312864395","0.99428697483507","1.0003420696871","1.0872302286085","1.0140573672282","0.914477220305","0.44358266175485","0.44887735457403","1.1069964703881"
"'2014m1'","0.72632788847643","1.2724038140358","1.0044557948388","1.0220710441757","1.0872336176326","0.9866640501919","0.83120872731929","0.52778907494517","0.44887683505927","1.0993452062656"
"'2014m2'","0.73801899647777","1.2827545540805","1.0003596329038","1.0358728848062","1.0872251631443","0.98778666089241","0.88199948129248","0.45363753134363","0.44887692445027","1.0485388039068"
"'2014m3'","0.74212010537889","1.2828234020082","1.0018292053881","1.0323219933245","1.0872250181303","0.98711186425442","0.87621525252942","0.46569674429152","0.44887696243104","1.0539645000765"
"'2014m4'","0.73914030456727","1.2818990118087","1.0001808131556","1.0329850337472","1.0872246131973","0.98727549620541","0.87728142244308","0.46613207843941","0.44887692581883","1.0557526459721"
"'2014m5'","0.75915268330546","1.2802114534924","0.99766710220166","1.0301634472507","1.0872227470317","1.0009651904426","0.88430028745711","0.5237576286016","0.44887677120655","1.0444340224408"
"'2014m6'","0.71200744886723","1.2706682209061","1.0106014761825","1.0249842322045","1.0872141136183","1.009186756241","0.88635949651098","0.47267604879109","0.44887705132439","1.0336704645318"
"'2014m7'","0.75486538398921","1.2600536243648","1.0172001060153","1.0201159811867","1.0872208747603","0.97886140123067","0.86700137891199","0.43751724578191","0.44887750067648","1.0226501629434"
"'2014m8'","0.79387774972326","1.2478049236708","1.0103209942668","1.0194000701014","1.0872179459528","0.97864332469281","0.90541991055948","0.32001724791892","0.44887791336668","1.0144919708749"
"'2014m9'","0.77365865087358","1.2484038867715","1.0260683149563","1.0229252816772","1.0872172990601","0.96745571186996","0.88522654157027","0.29807578896577","0.44887806427596","1.0027391022715"
"'2014m10'","0.8046984443158","1.2059496380068","0.99732575307414","1.01623134683","1.0872210701294","0.95012303780413","0.93681397436738","0.28438352246553","0.44887863258487","1.0256886549455"
"'2014m11'","0.85126779609629","1.1885546472297","0.95042614832723","1.052122301774","1.0872196950343","0.97767520141944","0.94402692535121","0.2862459474416","0.44887855125894","1.0246794505048"
"'2014m12'","0.85206536967408","1.1889024149651","0.95051899020159","1.0520129921214","1.0872197488626","0.97824494378772","0.9447272549512","0.28954311805826","0.44887854129359","1.0238477934599"
"'2015m1'","0.81596451658466","1.1813887367517","0.95770276352541","1.0430299254066","1.0872179612777","0.98592221587489","0.85295786588676","0.29081949449507","0.44887819225767","1.077100226455"
"'2015m2'","0.79753289432887","1.1957210461856","0.9346885817453","1.0562054481298","1.0872175855806","1.0390036152525","0.8104160017135","0.50010152401126","0.44887610210994","1.0232771257594"
"'2015m3'","0.81132888139545","1.2038297936279","0.93706581379776","1.0526525149375","1.0872187220143","1.0479778964641","0.79739936597243","0.52357192300944","0.44887611834377","1.0179879963501"
"'2015m4'","0.80581474721915","1.2097683431031","0.94330720621031","1.0502439322971","1.0872178012115","1.0525721140338","0.78858463018339","0.54176103129041","0.44887610413716","1.0156996962906"
"'2015m5'","0.80913629240673","1.2021782562533","0.92856983181704","1.0488585023222","1.0872161918204","1.0574015415814","0.82417837842914","0.52316196994301","0.4488760561311","1.0200188767881"
"'2015m6'","0.82510173654086","1.2077771149452","0.93716369975442","1.0407399432416","1.0872186131536","1.0779819512712","0.81364352705239","0.53494399033262","0.44887640446336","1.0092443376048"
"'2015m7'","0.87328829664316","1.1736474729517","0.91233217437061","1.058182011647","1.0872155873554","1.0840427883838","0.82966681198247","0.51019594515128","0.44887668806896","1.031555541567"
"'2015m8'","0.90631285697675","1.1609609842777","0.90339533313226","1.0654852409936","1.087205408314","1.0707409684845","0.95017388136115","0.45294123144757","0.44887700973841","1.0481153552183"
"'2015m9'","0.86923316293552","1.183450480995","0.93799376103917","1.0431999097119","1.0872013087896","1.0401291973086","1.0184016611387","0.50984953817721","0.44887657903886","1.038489266759"
"'2015m10'","0.84270722842438","1.2721897814135","0.98577283596215","1.0144149183921","1.0872110174195","1.097128252879","0.98239926133105","0.59361313780303","0.44887604571543","0.97003306878174"
"'2015m11'","0.83660363613063","1.2719626847775","0.98328151281236","1.0138004438479","1.0872115114633","1.0975808704975","0.97946645068651","0.5850995233486","0.44887598747912","0.97338286272157"
"'2015m12'","0.78363277109101","1.2802734947925","1.0114565326909","1.0124486374155","1.0872134896611","1.0981881136703","0.94312880181001","0.53938899487313","0.44887577982504","0.97524451586672"
"'2016m1'","0.66328082872986","1.3139217385712","1.0008660561976","0.99553217355581","1.087208118323","1.0769684778021","1.0304456803231","0.32304052856228","0.44887411968048","1.0425041512206"
"'2016m2'","0.66335329145332","1.3126744414728","1.001128716608","0.99550193603306","1.0872073240995","1.0773460637904","1.0307052174313","0.32216908343989","0.44887411461824","1.0434687738863"
"'2016m3'","0.63971534664326","1.3168217924129","1.0243458569188","0.98856583750255","1.0872078229399","1.1222741899184","0.89677124363092","0.44722213636355","0.4488754055141","1.0435719109499"
