edate,VarCov_mktrf_mktrf,VarCov_smb_mktrf,VarCov_hml_mktrf,VarCov_smb_smb,VarCov_hml_smb,VarCov_hml_hml
1926m7,.0028828082,.000013674266,.000011175743,.001050732,3.4121176e-06,.0012279727
1926m8,.0025998077,-.000012179667,-.000029415585,.0010009251,.000060313618,.0011981193
1926m9,.0023414905,-.000018598483,.000038189042,.00090798357,.000015978465,.0012449339
1926m10,.0020770114,-5.3524224e-07,.000042702479,.00082494033,.000019718587,.0010532036
1926m11,.0020361315,.00001269807,.000040702249,.00072497298,.000019301702,.00089666754
1926m12,.001854026,.000017295421,.000033659075,.00064047001,.000020517924,.00077674893
1927m1,.0017021764,.00002287624,.000031314503,.00056700583,.000020225056,.00067422376
1927m2,.0015353751,.000034028824,5.1228189e-06,.00050993561,-7.0810943e-06,.00090373988
1927m3,.0015302018,.000032413263,.000095781317,.00045535542,-8.5876372e-06,.00090016774
1927m4,.0013850983,.000047068384,.00010792835,.0004492896,.000039942621,.00091317663
1927m5,.0012576227,.000048616519,.000099199853,.00040436728,.000036832989,.00078383536
1927m6,.0014164852,.00011826477,.00031326379,.00038892703,.000095966963,.0010067013
1927m7,.0013951847,.00010080993,.00032655237,.00035300717,.00007935438,.00091287523
1927m8,.0017806647,-.00013412657,.00022144773,.00047887978,.00011814329,.00081745943
1927m9,.0016146178,-.00011740593,.00017381707,.00043774635,.00013909546,.00095800043
1927m10,.0016503995,-.00023833491,.00012922229,.0005856225,.00016034606,.00083617069
1927m11,.0017860431,-.0002908445,.00032588182,.00057885499,.000081735408,.0010598848
1927m12,.0020138684,-.00014271392,.00027180184,.00061541726,.00006270576,.00090814725
1928m1,.0018180491,-.00010809258,.00022944323,.00055516796,.000048241269,.00080911763
1928m2,.0016505932,-.00013960467,.00021543163,.00074055517,.000012918238,.0007158813
1928m3,.0015536941,-.00008012099,.00021318567,.00071742875,.000028756613,.00063937122
1928m4,.00218889,-.00008770018,.00010226403,.0006345642,.000030985448,.00059777207
1928m5,.0020938087,.000019020228,.00019104013,.00076013565,.00013833842,.00070033129
1928m6,.0018714668,.000041620176,.00016227906,.00078834692,.000052342675,.00083506072
1928m7,.0020437927,.00019344955,.000167121,.00087899208,.000059406484,.00072193553
1928m8,.0018208241,.00017872469,.0001510936,.00080131047,.000061245053,.0006379853
1928m9,.0020578529,.00008368292,.00003493144,.0007719908,.000096922486,.00065316254
1928m10,.001889396,.0001136197,.000043209169,.00074162107,.000093223651,.00057489378
1928m11,.0016932175,.00011902758,.000033284461,.00072106265,.000043808875,.00061384239
1928m12,.0029995949,-.000042284737,.00027520242,.00068799336,5.9797208e-06,.00063477212
1929m1,.0026403507,-.000025510588,.00024640458,.00062035932,.000013713618,.00057090475
1929m2,.0025188257,-.00011242017,.00018681496,.00074012525,.00006200013,.00054278475
1929m3,.002240527,-.000085093357,.00016078931,.00065560272,.000051163326,.00051078235
1929m4,.0020197567,-.000016230335,.00013386656,.00092057924,-5.4148683e-07,.00048005796
1929m5,.0018064204,-9.8237042e-06,.000124057,.00082389527,-6.0566811e-07,.00043302774
1929m6,.0022219408,.00030709201,.00024220286,.0011665586,.000095849646,.00045046696
1929m7,.0029434573,.00017986204,.000015345127,.0010915622,.0001450384,.00055741455
1929m8,.0027597968,.000093142495,.000079256031,.0011791158,.000072317831,.00057934155
1929m9,.0031035887,-.00039045294,.000066298686,.002351088,.00010006633,.00051341794
1929m10,.0031857877,-.00036743947,.00010793598,.0020501306,.0000834721,.00047348026
1929m11,.0080028903,.00013606322,-.0014187964,.0020256375,-.00014493219,.0013061614
1929m12,.0090914238,.0002575003,-.0017447388,.0018123348,-.00018154913,.0014896187
1930m1,.0078581758,.00023797207,-.0014616101,.0018362876,-.00013928486,.0012631679
1930m2,.0070862314,.00030178408,-.0012756793,.0017658984,-.00014149564,.0010945987
1930m3,.0061756261,.00027418483,-.0010686982,.0015318459,-.00011629926,.00092978252
1930m4,.0058478867,.00036896294,-.00092836999,.0014911395,-.00010242323,.00079676061
1930m5,.0051689427,.00033528288,-.000777332,.0012972491,-.000083419553,.0007100497
1930m6,.0045631207,.0003329195,-.00065094873,.0011954299,-.000057687128,.00063278148
1930m7,.0074355728,.00073882489,-.00084905262,.0012003432,-.000086621003,.00059868122
1930m8,.0065758326,.00064257631,-.00077776751,.0010499865,-.000068062589,.00058407808
1930m9,.005702165,.00057950814,-.0006624966,.00099488115,-.000039867748,.00053559919
1930m10,.0071252235,.00077328034,-.00018319432,.00094762584,.000070995477,.00096690195
1930m11,.0072504366,.00072061241,-.000077986515,.00083069451,.000065486274,.00087065971
1930m12,.0064461348,.00060142181,.000012974103,.00079376466,6.4690416e-06,.00098141422
1931m1,.0064636813,.00086685503,.00030801108,.0010252265,.00022601718,.0013492772
1931m2,.0059714164,.00092921063,.00053051795,.0010940813,.00041120086,.0018722023
1931m3,.0064243539,.0010979725,.00054788328,.0011109846,.00038512517,.0015845613
1931m4,.0061817379,.00089022965,.00065679982,.0010967636,.00028785414,.0015744715
1931m5,.0067332848,.0012110773,.00088325195,.0012755494,.00040514462,.0016009909
1931m6,.0081689823,.00079813163,.0015250123,.0014784345,.00019776393,.0020835856
1931m7,.009152093,.00039577187,.0026175536,.0017152077,-.00017243318,.0036039799
1931m8,.008549666,.00031958221,.0023428907,.0015137894,-.00015523534,.003055301
1931m9,.0073908423,.00029845114,.0019793035,.0013769054,-.00010944497,.0025702447
1931m10,.017079478,.00024992373,.0036667269,.0012013186,-.00011548055,.0029080862
1931m11,.015336412,.00017490004,.0031631307,.0011031659,-.00010751575,.0024278741
1931m12,.014348619,-.000028021264,.0031505025,.0012164721,-.00023673383,.0024622302
1932m1,.014785799,.000045441084,.0039567202,.0010668823,-.00019009363,.0033560954
1932m2,.012790712,.000017262666,.0036648975,.0011438713,.000025503099,.0039422452
1932m3,.011291121,-.000034753033,.0030655276,.0011162518,.000053423992,.0032865487
1932m4,.01144053,-.00015679409,.0028745462,.0010423253,.000018556795,.0028156028
1932m5,.014045425,-.00027917797,.0025812429,.00093714549,.000027773027,.0023422779
1932m6,.017495515,-.00074429094,.0029007068,.0010090917,-.000055492044,.0021444827
1932m7,.015071223,-.00061063725,.0025598502,.00088375335,-.00003738657,.0021672298
1932m8,.026143355,-.0017436804,.014705498,.0010703664,-.001750754,.021024555
1932m9,.038305614,.00148224,.02362108,.0038208107,-.00022586407,.033733521
1932m10,.03302059,.0013429172,.019943599,.0033855662,-.00014749182,.028170547
1932m11,.030647628,.0013625197,.017894614,.0030377856,-.000055417273,.024543671
1932m12,.026826365,.0011657628,.0160989,.0026788202,-.0001049239,.022816993
1933m1,.02319828,.0010360762,.01366228,.0033178302,.0001063798,.01965346
1933m2,.01993257,.00091632613,.011500522,.0028667459,.0001055831,.016489958
1933m3,.020184981,.0010650846,.010227926,.0025920568,.00012099639,.013548922
1933m4,.017429665,.001009993,.00880278,.002447397,.00019588244,.01179261
1933m5,.032446574,.0021083893,.013451107,.0024014821,.00049487886,.014150058
1933m6,.032997869,.0082971985,.015239838,.021269264,.0049016275,.016952293
1933m7,.030163096,.0076953229,.012861578,.019309515,.0041600596,.013853475
1933m8,.027173111,.0067361663,.010795923,.016593866,.0034739999,.011400378
1933m9,.024875093,.0058204709,.0092828814,.014688428,.0029149069,.0093861623
1933m10,.02291207,.0051201042,.009277503,.012615993,.0027038564,.0099317459
1933m11,.020670524,.0044673211,.0085634543,.010836737,.0023824633,.0092953425
1933m12,.018794639,.0038191385,.0073112729,.0099303536,.00201223,.0076354523
1934m1,.016174626,.003288103,.0060727848,.0085377535,.0016787482,.0062831566
1934m2,.015613684,.0038462309,.0072773155,.0095531475,.0026166858,.0087352879
1934m3,.013560039,.0033137016,.0060327542,.0085812118,.0022475207,.0071693687
1934m4,.01168325,.002856541,.0050542662,.0074596261,.0018720247,.0059978492
1934m5,.010146976,.0024496848,.0043294486,.0065190624,.001560235,.0051624803
1934m6,.0095168259,.0021610549,.0041173506,.0056097265,.0013710429,.0048336135
1934m7,.0082624797,.0018555345,.0034338487,.0048998422,.0011927777,.0041242661
1934m8,.0087772598,.0022182043,.0043178266,.0049289255,.0015979536,.0052691214
1934m9,.0078694522,.0021250583,.0036119779,.0046500466,.0013770951,.0043121399
1934m10,.0068180598,.0018436714,.0030183434,.0040426264,.0011643904,.0035752067
1934m11,.0059747701,.0015793028,.0027214121,.0035029212,.00098949333,.0034018732
1934m12,.0058827824,.0017909195,.0022056391,.003606745,.00080071174,.0029025062
1935m1,.0051083681,.0015565136,.0018930566,.0032378435,.00064053613,.002586137
1935m2,.004651404,.0013269867,.0016744793,.0028076351,.00053122698,.002215429
1935m3,.0041369535,.0011439917,.0017337016,.0024266611,.00048287865,.0027326227
1935m4,.0038434502,.0011408847,.0017237272,.0022880665,.00055777928,.0027108029
1935m5,.0041982858,.00091317896,.0017708399,.0020189991,.00044690317,.0024801409
1935m6,.0037565473,.0007493915,.0015456261,.0019123462,.00034358352,.0021264823
1935m7,.0036140988,.00048990303,.0013927718,.0020341286,.0002478516,.0018158032
1935m8,.0037201208,.00051696441,.0016898859,.0017888281,.00029556444,.0021770897
1935m9,.0033009469,.00058953668,.0015937299,.0020990046,.00052340562,.0022549147
1935m10,.0029412054,.00054393942,.0013416809,.0018485364,.00042145653,.0021697667
1935m11,.0030685337,.0006244859,.0010479562,.0016960098,.00032321393,.0019116718
1935m12,.0029067982,.00071514811,.0015363824,.0017248624,.00075074501,.0036789454
1936m1,.002737541,.00063471048,.001321246,.0014968622,.00062673201,.0030318126
1936m2,.0028731911,.00086421688,.0018126537,.0016595694,.0010140162,.0041119629
1936m3,.0025688217,.0007690718,.0016285562,.0014562138,.00090239325,.0037189184
1936m4,.0022711162,.00067194283,.001374473,.0012707963,.00075036916,.0031180077
1936m5,.0029545147,.0011724649,.0013682474,.0016452192,.00078498956,.0026600775
1936m6,.0028413893,.0010556059,.0012506328,.001435615,.00067293731,.0022799303
1936m7,.0025378468,.00090402283,.0010485698,.0014091774,.0006153849,.0019268706
1936m8,.0026701945,.00085866207,.0010198216,.0012414913,.00053888914,.0016809966
1936m9,.0023578915,.00074848346,.00090781407,.00108768,.00048697169,.0016127428
1936m10,.0020904928,.00067687023,.00077322352,.0010767787,.00043184523,.0013541027
1936m11,.0023540726,.00048943423,.00080365216,.0010295608,.00033717373,.0012142226
1936m12,.0021651175,.00070471846,.00067209767,.0020382204,.00023549478,.0010512922
1937m1,.0019275562,.00062549091,.00059338252,.0019420709,.00030135098,.0010991861
1937m2,.0018050141,.00065499637,.00057279179,.0019370763,.00033492272,.0010139513
1937m3,.0016180924,.00058022159,.0005520992,.0016969915,.00034592976,.0012105325
1937m4,.0014677957,.00053015508,.00048465843,.0015232693,.00025463212,.0015946156
1937m5,.0021085702,.00076401146,.00071329006,.0015380987,.00033419472,.0015776705
1937m6,.0019045444,.00067842926,.00068134035,.0013447198,.00031477844,.0015494018
1937m7,.0019916717,.00077401201,.00074852316,.0013718921,.00037731821,.0014943179
1937m8,.0025833631,.00077020982,.00071348157,.0012020636,.00032127454,.0012572021
1937m9,.0026545129,.00068511144,.00074434315,.0010498113,.00027398081,.0011658063
1937m10,.0048030172,.0016431278,.0013583442,.0016173037,.00057522085,.0013627526
1937m11,.0054598479,.0015204514,.0013795854,.001406188,.0004877194,.001206695
1937m12,.0057205181,.0016373235,.0012480124,.0014246039,.00043272731,.0010208482
1938m1,.0052617081,.0018749074,.0011031857,.0021237351,.00046351156,.00087823579
1938m2,.0045758453,.0016977725,.00096269848,.0021787523,.0003625979,.00081294979
1938m3,.0043042386,.0015037031,.00079337222,.0018867899,.00031458723,.00078817061
1938m4,.010973737,.0024726924,.0017238032,.0019050848,.00042180004,.00091338175
1938m5,.011750544,.0029126154,.0015756161,.0022147575,.00038344518,.00078331237
1938m6,.01037677,.0026051973,.0013729422,.002011223,.00034266291,.00068349083
1938m7,.015390802,.0032607529,.0014059317,.0019659684,.00030320827,.00059670216
1938m8,.013773613,.0032905929,.0013177311,.0023202871,.00038412662,.00057928497
1938m9,.011998363,.0029054612,.0013730511,.002099525,.00047157001,.00091087777
1938m10,.010342002,.0025337348,.0011950362,.0019316952,.00045039761,.00084060873
1938m11,.0095275734,.0025889168,.0013423809,.0021447139,.00065144,.0010642482
1938m12,.0082975738,.0022921739,.0011771622,.0019578955,.00059040618,.00094343768
1939m1,.0073194997,.0019624701,.0010129213,.0017480879,.00050219632,.00080768851
1939m2,.0068701375,.0018007881,.0011482432,.001555943,.00052087725,.00097978185
1939m3,.0060463315,.0015642098,.0010593213,.0013558484,.00046630143,.0009431027
1939m4,.0071813352,.0019822114,.0020574268,.001518282,.00088953669,.0019670282
1939m5,.0062279347,.0017059374,.0017346073,.0013544527,.00074486714,.0016428692
1939m6,.0058477246,.0016348246,.0014987185,.0012843767,.00063999096,.0013741947
1939m7,.0055113658,.0014855239,.0016619272,.001136816,.000651679,.001671065
1939m8,.0058792382,.0017061147,.0014586778,.0012477422,.00056546053,.0013988666
1939m9,.0057586855,.0018440797,.0014268333,.0014050204,.00060612021,.0012947365
1939m10,.008138801,.0053401259,.0053784372,.0070286039,.0064136731,.0085548228
1939m11,.0070564523,.0045737023,.0046198228,.0060450127,.0054775374,.0073995069
1939m12,.0063362764,.0041551362,.0041801669,.0055839764,.0050088488,.0067577572
1940m1,.0055598295,.0035779634,.0035443753,.0048128744,.0042590112,.0058191125
1940m2,.0049470784,.0030836368,.0029930293,.0041450472,.0035489618,.0047764145
1940m3,.0043123914,.002676832,.0025013806,.003655415,.0029788965,.0039192964
1940m4,.003784284,.0023130099,.0020983361,.0031711988,.0024949526,.0032584337
1940m5,.0033134497,.0020333331,.0017616831,.0029462217,.0021334612,.0026861739
1940m6,.0090669515,.003239976,.0023224067,.0031982698,.0021209111,.0024719392
1940m7,.0082591288,.0028081839,.0021827412,.0028312698,.001847,.0023327747
1940m8,.0072132451,.0024311817,.0018380691,.0024573603,.0015475736,.0019509372
1940m9,.0062721693,.0020897912,.0015519523,.0021254178,.0012952329,.0016242743
1940m10,.0054742,.0018681148,.001315616,.0019797813,.0011022622,.001392413
1940m11,.0048213336,.0016162519,.0012575967,.0017157281,.001005643,.0014595364
1940m12,.0042627552,.0013902164,.0010729181,.0015374264,.00085145351,.0012261299
1941m1,.0037201748,.0012187203,.00091992854,.0014083042,.00074905908,.001059777
1941m2,.0035411562,.0010531605,.00075695984,.0012368432,.00069462601,.0010916442
1941m3,.0031572983,.0009475954,.00064536277,.001118004,.00058832567,.00093210553
1941m4,.0027741073,.00082215515,.00058137247,.00097624032,.00052064651,.00091193331
1941m5,.0029022694,.00083187904,.00042217341,.00090046623,.0004349653,.00092889392
1941m6,.0025611797,.00072179752,.00036746089,.00079792121,.00036937514,.00079656864
1941m7,.0025784483,.00069900526,.0003379155,.00072314992,.00031976285,.00068928511
1941m8,.002598166,.00093608623,.00066753046,.0010872239,.0007488979,.0013461035
1941m9,.0023045163,.00081786758,.00058465666,.00095354079,.00064212055,.001165695
1941m10,.0020737697,.00073048926,.00051094528,.00085216126,.00055072823,.00099327799
1941m11,.002272228,.0007732457,.00041082926,.00081252772,.00046444213,.00087369583
1941m12,.0020991059,.00071080856,.00037872704,.00073878712,.0004096886,.00076566241
1942m1,.0022413244,.00080936844,.00069541839,.00078676135,.00059870415,.0012773883
1942m2,.0019899015,.00082399952,.00078019098,.0014813505,.0014022408,.0025632319
1942m3,.0018949792,.00070259086,.00070128817,.0013255192,.0011803128,.0021531093
1942m4,.0023305402,.00057061465,.00067220384,.0011947269,.00099484611,.001801576
1942m5,.0023755128,.00053956319,.0005506266,.0010490116,.00084038399,.0015503704
1942m6,.0024331831,.00039820917,.00041597523,.0010590361,.00081539038,.0014380696
1942m7,.0022012081,.00034060693,.0003633374,.00095055538,.00069048756,.0012086421
1942m8,.0020497136,.00030147476,.00036029148,.00083359855,.00059291843,.0010884382
1942m9,.0018401211,.00026848912,.00032226689,.00073285564,.00050400366,.00094010489
1942m10,.001689816,.00025066079,.00031664805,.00065048411,.00044781284,.00087024143
1942m11,.0019660091,.00032675994,.00065361953,.00061780459,.00054074393,.0013341217
1942m12,.0017578783,.00030253272,.00062715611,.00058572978,.00055686221,.0014503325
1943m1,.0018095942,.00019072137,.00055827847,.00061573565,.00048352286,.0012187094
1943m2,.0021151626,.00075122749,.0010132852,.0016253756,.0012303558,.002001144
1943m3,.0022372196,.00088086911,.0011992141,.0017334815,.0013764082,.0022579934
1943m4,.0023236517,.0010041482,.0012865968,.0018525192,.0014490805,.002284439
1943m5,.0020604185,.00088562298,.0011830161,.0016612706,.0013765885,.0023690276
1943m6,.0021388293,.00097443128,.0011452234,.001708489,.0013070959,.0020971713
1943m7,.0019169335,.00084703497,.00097085099,.0015018155,.0011076703,.0017600631
1943m8,.0020721203,.00087001547,.00096794916,.0013954804,.0010047501,.0015748182
1943m9,.0018491928,.00075841194,.00082474621,.0012215724,.00085003907,.001328948
1943m10,.0016885235,.00068286736,.00072464522,.0010850723,.00073056255,.0011382038
1943m11,.0015580178,.00059659098,.00061512709,.00095132907,.00062644557,.00099191943
1943m12,.0019303213,.00064510608,.00084157224,.00087657821,.0006384172,.0011451852
1944m1,.0021069499,.00075116742,.00089255429,.00091978558,.00065035257,.0011002283
1944m2,.0018875856,.00069280725,.0007906445,.00089309912,.0006039486,.00098664383
1944m3,.0016883851,.00060763734,.00068008184,.00078393542,.00051192916,.00084606209
1944m4,.0015533515,.00056454312,.00066229311,.00072699098,.00050113013,.00087745005
1944m5,.0014698784,.00053402456,.0006113713,.00067096268,.00045173572,.00078737357
1944m6,.0015578012,.00054580043,.00056945503,.00062828721,.00040001341,.00068810355
1944m7,.001679147,.000693821,.00057573244,.00077890774,.00042161858,.00063467684
1944m8,.0015665333,.00060699182,.00052143884,.00068837771,.00036137053,.00056631095
1944m9,.0014211222,.00056558679,.00045643465,.00068439747,.00029138208,.00056206965
1944m10,.0012935615,.0004980173,.00041829617,.0006063864,.00025178239,.00053562701
1944m11,.0011821286,.00044284729,.00037491391,.00053831603,.00022067165,.00048403928
1944m12,.0010952032,.0003973186,.00036208908,.00048019219,.00020264497,.0004957412
1945m1,.0011411841,.00043735109,.00056840893,.00049502146,.00033022178,.00092856045
1945m2,.0010684514,.00043128297,.00050085742,.00052058604,.00029805169,.00079738762
1945m3,.0013517562,.00047611116,.00068807439,.00049455115,.0003309735,.00094618695
1945m4,.0014819513,.00051114615,.0007003338,.00048338959,.00032216019,.00087937521
1945m5,.0019433431,.00049634185,.00082911545,.00043273633,.00029451528,.00088398537
1945m6,.0017472912,.00045617766,.00071667234,.00041715731,.00025629217,.00075911346
1945m7,.0015681355,.00041657448,.00067018165,.00050434296,.00035871449,.00090514822
1945m8,.0015129128,.00041600494,.00068013789,.00048476865,.00036354276,.00092098617
1945m9,.0017282517,.00046002879,.00048698546,.00046596647,.00029522681,.0011388583
1945m10,.0017486442,.00047670215,.00043637265,.00045431833,.00025834888,.00096591329
1945m11,.0016896049,.00050367502,.00043290018,.00048702906,.000267864,.00088249816
1945m12,.0017806152,.00065917079,.00055850041,.00067153235,.00040593435,.0010075973
1946m1,.0015983616,.00060120627,.00049328012,.00065194571,.00033310085,.00096931081
1946m2,.0018066873,.00076855795,.00052768452,.0007969428,.00036518849,.00088289089
1946m3,.0021305564,.00075280195,.00056474522,.0007107355,.00032628761,.00079849025
1946m4,.0022147694,.00069167715,.00048660437,.00062763348,.00027962582,.00069742644
1946m5,.0021159616,.00069094601,.0004344077,.00062967971,.00025042734,.00060816802
1946m6,.0020071038,.00065215101,.00040509674,.00058405806,.0002278467,.00054448604
1946m7,.002042931,.00065391738,.00040177692,.00055632275,.0002147864,.00049746892
1946m8,.0019584892,.00065449864,.00036883066,.00056128303,.00019858012,.00044735285
1946m9,.0023606578,.00072860287,.0003337996,.00054934813,.00017419076,.00040644829
1946m10,.0035115888,.0011935823,.00056598114,.00077971118,.0002769331,.0004544908
1946m11,.0031325028,.0010414316,.00048508684,.00068613986,.00025659855,.00056118425
1946m12,.002758848,.00090998784,.00042388131,.00060944905,.00022110678,.00051939161
1947m1,.0026497932,.00081123773,.00033932997,.00054015208,.00019752947,.0005097012
1947m2,.0023430015,.00073725398,.00029885411,.00054280891,.00016095654,.00047364028
1947m3,.0021151919,.00064334541,.00026967251,.00048783832,.00014081187,.00042727706
1947m4,.0019496697,.000611539,.0002386331,.00047763303,.00012296777,.00039026732
1947m5,.0021040966,.00079703482,.00020038076,.00066415587,.000098958073,.00036322116
1947m6,.0019061154,.00078469596,.00018298865,.00074857724,.000094111107,.00033721406
1947m7,.0019548326,.00069495541,.00013461956,.00066182396,.000088287459,.00032983819
1947m8,.0018859447,.00065839093,.00020997055,.00061046536,.00011312582,.0004062276
1947m9,.0017574857,.00058015878,.00019520601,.000541588,.00010017884,.00037254591
1947m10,.0015943247,.00050646701,.00016843791,.00051600416,.000105796,.00036106716
1947m11,.0014732573,.00045629818,.00015114517,.00046243091,.000093823801,.00033650119
1947m12,.0014183668,.00046019375,.00012297777,.00046244866,.000073676318,.00032370543
1948m1,.0013484226,.00037830751,.00020135682,.00050927652,-.000018995745,.00048038005
1948m2,.0014835299,.00026349837,.00014621315,.00053620141,5.2241362e-06,.00044907274
1948m3,.0016516891,.00032487843,.00014996076,.00052414328,.000010303176,.00040788067
1948m4,.0021354661,.00031107452,.00045412153,.00046699267,.00001288804,.00064215122
1948m5,.0020030884,.00024969227,.0005174664,.00046223952,-.000039869072,.00078383484
1948m6,.0023073407,.00028057231,.00041492403,.00042381111,-.000042400148,.00071626087
1948m7,.0020541537,.00026963887,.00036469754,.00043585585,-.000074226977,.00071394735
1948m8,.0022328706,.00027166613,.0003445792,.00039376962,-.000061315637,.00062246877
1948m9,.0019850947,.00025039603,.00030337894,.00037573438,-.000051219096,.00054731406
1948m10,.0019327493,.00027171677,.00034123834,.00036497239,-.000020499638,.00055689004
1948m11,.0020566923,.00018835276,.00032159811,.00036706051,-.000019532319,.00049488724
1948m12,.0030333879,.00025170404,.00075152545,.00033965608,.000013496591,.00075631496
1949m1,.0027459997,.00018517734,.00064354052,.00042907897,.00006923289,.00073650928
1949m2,.0024245593,.00016669632,.00055783999,.00042744773,.000073163232,.00065043819
1949m3,.0023054217,.00021146603,.00052970892,.00044067021,.000086324333,.0005941519
1949m4,.0021779335,.00025994171,.00049634458,.00047668445,.000098650176,.00053996994
1949m5,.0020152668,.00025507252,.00047567897,.00044026168,.00010090737,.00051629002
1949m6,.0019559402,.00025839813,.00052780908,.00040583714,.00011465385,.00057971722
1949m7,.0017499581,.00023867346,.00048711387,.0003792253,.00012158023,.00058116612
1949m8,.0018494021,.00024129193,.00044270707,.00034589681,.00010726205,.00051381037
1949m9,.0016973052,.00021944818,.00038247104,.00031413831,.00009539551,.00047204513
1949m10,.001592243,.00022165291,.00034043897,.00029987478,.000084699532,.00042555731
1949m11,.0015051978,.00022449382,.00029190141,.00028710332,.000069560076,.00039838406
1949m12,.0013745429,.00019544302,.00025433794,.00027884246,.000077085337,.00038995029
1950m1,.0014825179,.0002736348,.00029776723,.0003123355,.00010160761,.00038996944
1950m2,.0013520981,.00029302735,.00026692022,.00043778555,.000090516893,.00035949115
1950m3,.0012357994,.00026321216,.00023646097,.00039297037,.000082794999,.00035470902
1950m4,.00113275,.00023535005,.00021019117,.00038706561,.00012624834,.00048080328
1950m5,.001166246,.00027792616,.00022307718,.00040071318,.00013195828,.00044814055
1950m6,.0012252614,.00019304472,.00020896435,.00043160209,.00011919639,.00040624582
1950m7,.0016502554,.0003395371,.00027156924,.0004755813,.00013674021,.00039152839
1950m8,.0014889713,.00030564645,.00038865517,.00042776647,.00020632907,.0031263952
1950m9,.0015516951,.00030267777,.0003216528,.0003900539,.00017411145,.0026233846
1950m10,.0016014298,.00029455769,.00026622706,.00035518283,.00014774155,.0022009334
1950m11,.0014515186,.0002708169,.00022955477,.00032867058,.00012503314,.0018449848
1950m12,.001364289,.00023180716,.00023358763,.00031195366,.00010034221,.0016627171
1951m1,.0015192679,.00028158195,.0004266412,.00031277729,.00015956357,.0021304262
1951m2,.0016707915,.00034014782,.00047285159,.00032388122,.00017343549,.0019472437
1951m3,.0015073633,.00030512418,.00041443974,.00029524509,.00015523929,.0017768624
1951m4,.0014595153,.00029795224,.00045705485,.00027848824,.00016459888,.0018061715
1951m5,.0015274759,.00022117436,.00047937766,.00029244006,.00012387148,.0016411734
1951m6,.0014901932,.00020682173,.00045012598,.00026844884,.00010976606,.0014158749
1951m7,.0014796957,.00025980111,.00050903315,.0003077905,.00016377262,.001477837
1951m8,.0018039196,.00014179817,.00052100181,.00033978038,.00012949212,.0012787647
1951m9,.0017676732,.00015427577,.00045761108,.00031676728,.00011247255,.0010790604
1951m10,.0015843738,.00014532248,.00039721842,.00033463936,.00010396361,.00091857836
1951m11,.0015532254,.00014614366,.00035443291,.00030651587,.000091269583,.00078728423
1951m12,.001401032,.00013573161,.00031118534,.00028449795,.000080844409,.00068086188
1952m1,.0013530443,.000080111728,.00025086256,.00032818105,.00011426845,.00067467266
1952m2,.0012360641,.000071889284,.00023458985,.00030947573,.000094338466,.00062379584
1952m3,.0012621604,.000053728167,.00022641294,.00028757923,.000081723767,.00055316003
1952m4,.0013188052,-.000054797638,.0002657205,.00040338066,.000031513107,.00054574641
1952m5,.0015868886,-.000056760564,.00025129132,.00036455839,.000028650024,.00048520573
1952m6,.0015041599,-.000066640088,.00022521988,.00034933447,.00002791171,.00043633382
1952m7,.0014757868,-.000097337863,.00022753172,.00035837185,.000015375392,.00040751221
1952m8,.0013350094,-.000080247788,.00020604669,.00032769571,.000017580434,.00038157005
1952m9,.0012398501,-.000079452708,.00019429364,.00031623215,.0000127689,.00035533943
1952m10,.0012224677,-.000092059512,.00023339843,.00030577011,-6.0849611e-06,.0003887231
1952m11,.0011401126,-.000062209881,.00022337872,.00030027085,4.2281763e-06,.00036778318
1952m12,.0013756768,-.000089977693,.00023727563,.00028389101,1.1815108e-06,.00034549902
1953m1,.0013080878,-.00010535529,.0002121718,.00029395864,7.2774087e-06,.00032463018
1953m2,.0012041316,-.00012735298,.0001879646,.00043931414,.000042244716,.00031979792
1953m3,.001113444,-.00012599511,.00017834894,.00045514852,.000032048898,.00030543888
1953m4,.0010791692,-.00010166348,.00019817504,.00040862276,.000033252207,.00031954088
1953m5,.0011451549,-.000090288995,.00014830173,.00036833805,.000033003689,.00032112023
1953m6,.0010519173,-.000073708317,.00013839586,.00033360237,.000031037653,.00030377603
1953m7,.0010526353,-.000015611078,.00015314655,.00035793823,.000046202189,.00029921345
1953m8,.0010066677,-.000024597985,.00013165726,.00034203441,.000051094295,.00029315634
1953m9,.0012608201,-.000033013799,.00037536505,.00031248771,.000035542336,.00052452541
1953m10,.0011535954,-.000019779551,.00036739968,.00029728282,.000057321806,.00059782568
1953m11,.001240511,-.000065892258,.0003231554,.00030457863,.000056836638,.00052938209
1953m12,.0011871723,-.00007834912,.00027990158,.00030395313,.000060259772,.0004803029
1954m1,.0010929697,-.000059337883,.00029082035,.00028773886,.000083593339,.00060151867
1954m2,.0012414902,-.000035114033,.00040531423,.00026573654,.000088593726,.000689129
1954m3,.001145074,-.000028288709,.00035494682,.00024674085,.000080131205,.00060626498
1954m4,.0011553097,-.000037234946,.00028452821,.00023438722,.000083741936,.00058963225
1954m5,.0012124613,-.00016104673,.00023694102,.00039984618,.00010725881,.00053156877
1954m6,.001177215,-.00013306965,.00026532845,.00036137152,.00010279105,.0005485288
1954m7,.0010805157,-.00011134885,.00023675083,.00032870105,.00009031401,.00048967946
1954m8,.0012162075,-.000061187304,.0003921669,.00031236297,.00012079293,.00066384237
1954m9,.0012237465,-.00012130745,.0004008367,.00038087825,.000078245626,.00062999589
1954m10,.0015061995,-.00024093089,.0003860112,.00044532682,.000066642868,.00055517117
1954m11,.0014283702,-.00021541331,.0003391327,.00040258185,.000060750212,.00049488636
1954m12,.0021963355,-.0004129711,.00066354452,.00047090848,-.000029713336,.00067401055
1955m1,.0022245878,-.00031571763,.00087427697,.00048165268,.000059032714,.0010439067
1955m2,.001975632,-.00026806814,.00076503906,.0004308295,.000054710494,.00094390998
1955m3,.0018265484,-.00021148409,.0006699019,.00041674878,.000051872081,.00080881733
1955m4,.0016437997,-.00017498263,.00058379251,.00038377606,.000038320388,.00074181642
1955m5,.0015475902,-.00018690767,.00052089582,.00039712788,.000030198256,.00064645946
1955m6,.0013965754,-.00015844197,.00045994116,.0003601026,.000031300315,.00058939826
1955m7,.0016762661,-.00041423971,.00050271966,.0006492479,-.000030581054,.00055658427
1955m8,.0015231903,-.00037104369,.00044628483,.00060471077,-.000027991189,.00049520173
1955m9,.0013780646,-.00031629062,.00039494794,.00053934031,-.00002362102,.00044513273
1955m10,.0012645394,-.00027250938,.00037122474,.00048059507,-.000021539116,.00043400648
1955m11,.0012913694,-.00027726401,.00034962685,.00045779522,-.00002171079,.00039666399
1955m12,.001656269,-.00039567144,.00034144096,.00050381449,-.000022307224,.00036477216
1956m1,.0014963573,-.00033910351,.00030464417,.00050639495,-.00006516905,.0004436124
1956m2,.0015197266,-.00030605315,.00025729428,.00045343427,-.00005367686,.00041188914
1956m3,.0014846594,-.00029372596,.00021498885,.00042456714,-.000038148562,.00038891425
1956m4,.0017643813,-.00039762419,.00018054427,.00047169131,-.000022847693,.00036173104
1956m5,.0015837479,-.00034008952,.00016705436,.00042201861,-.000018560875,.00033986205
1956m6,.0018456499,-.0003762618,.00025596714,.00040796641,-.00003779554,.00036213905
1956m7,.0017433482,-.00036425958,.00020151951,.00040256922,-9.2654400e-06,.00037812037
1956m8,.0017684496,-.00038944875,.00018315176,.00041432568,-4.3460045e-06,.00034962301
1956m9,.0017663613,-.0004079793,.00021348168,.00042572914,-.000024346584,.00034854148
1956m10,.0019935053,-.00044177633,.00013309679,.00041577208,-4.7359765e-07,.00035642207
1956m11,.0017781078,-.00037799921,.00012366459,.00037478894,1.7382707e-06,.00033337588
1956m12,.0015947539,-.00032331175,.00011212772,.00034094596,-3.1517914e-06,.00035560114
1957m1,.0015085195,-.00028603157,.00005985954,.00031114952,5.2316932e-06,.00040697839
1957m2,.0015830942,-.00040720103,-.000023212153,.00045702764,.0000880753,.00044896506
1957m3,.0015182672,-.00033885488,8.4263611e-06,.00041948157,.000086619846,.00042345087
1957m4,.0013951591,-.00028940279,3.2695687e-06,.00037764999,.000076647302,.00039642118
1957m5,.0014169194,-.00031601946,-.000042684707,.00039241396,.0001002297,.00040338113
1957m6,.0013743683,-.00030360639,-.000094018171,.00037423009,.00012058751,.00046007158
1957m7,.0012728421,-.00026750451,-.000072407478,.00034174987,.00010565948,.00041826357
1957m8,.0011608232,-.00023075328,-.000058560599,.00032111158,.000094597133,.00038184976
1957m9,.0014709639,-.00020391784,-3.6044887e-06,.00029288029,.000085694897,.00036196777
1957m10,.0018669774,-.00018280611,-.000031596857,.00026867067,.000077531316,.00034078766
1957m11,.0019726397,-.000053751006,.000072467847,.00034608055,.0001404675,.00039225005
1957m12,.0017902529,-.000037258196,.000031280157,.00031567633,.00012356561,.00052407198
1958m1,.0018595172,9.6633521e-06,.00010774691,.00030305202,.00013225753,.00053349504
1958m2,.0018504297,.00016247861,.00023325931,.00053883629,.00031045228,.00071010535
1958m3,.0017147447,.0001415306,.00020932461,.00048477086,.00026885173,.00061829342
1958m4,.0016178507,.00014097003,.00016825623,.00043727001,.00023251964,.0005685002
1958m5,.0015242297,.0001199471,.00017477102,.00039925968,.00020040502,.00052351441
1958m6,.0014067959,.00014254726,.00015070796,.00042500591,.0001721009,.00047443897
1958m7,.0013347259,.00012685037,.00014170432,.00038359905,.0001514694,.00042778155
1958m8,.0013764732,.00013145093,.00023304462,.00034854622,.00015104897,.00050846592
1958m9,.001266854,.00013384472,.00020938063,.00033286083,.00013458314,.00045489566
1958m10,.0013431082,.00012819005,.00029842262,.00030296997,.00012660224,.0005203234
1958m11,.001260796,.00013708323,.00025001253,.00029257138,.00010179943,.00050037337
1958m12,.0012140927,.0001729241,.00019935731,.00032242647,.000066815599,.00048909633
1959m1,.0013472993,.000081728649,.0001692322,.00036008962,.00007020474,.00044190651
1959m2,.0012245318,.00008312548,.00016211507,.00044694668,.00014432879,.00051395781
1959m3,.0011201479,.000083426588,.00014917729,.00043015825,.00013686578,.00046597151
1959m4,.0010322821,.000076101554,.00013994683,.00041414305,.00011553436,.00042847739
1959m5,.0010594669,.00005808779,.000086262444,.00037847762,.00011426244,.00043289133
1959m6,.00099069031,.000039415623,.000096654461,.00041190002,.0000790083,.00042609309
1959m7,.00093027327,.000036363843,.000082156243,.00037525024,.000076496777,.00040509214
1959m8,.0009403117,.000028717395,.000077186232,.00034191876,.000069083115,.00037118702
1959m9,.0009289349,.000049058195,.000072938317,.00032175376,.00006246144,.00034372867
1959m10,.0012303445,.000060069753,.000062345382,.00029387331,.000056678429,.00032183438
1959m11,.0011283505,.000066506946,.000049359249,.00029493106,.000019803796,.00039176937
1959m12,.001046668,.000075150208,.000021173633,.00029077567,-.00002447262,.00056315266
1960m1,.0010036204,.000061684033,.000017916829,.00027383273,-.000017575065,.00050190324
1960m2,.0016394029,-.000090887726,-.00014741412,.00030691511,.000028878525,.00053582946
1960m3,.0014771398,-.000072872659,-.00013614657,.00028375373,.000018236235,.00056439801
1960m4,.0014012322,-.000048905207,-.00006638893,.00026545365,.000035054407,.00065753912
1960m5,.0013408192,-.000044200839,-7.8497696e-06,.00024636203,.000026637672,.00068989175
1960m6,.0012888158,-9.3028630e-06,-.00007650286,.0002484482,-.000017497263,.00085843157
1960m7,.0011970712,-6.0833750e-06,-.000066062879,.00023158532,-.000012349426,.00074396998
1960m8,.0012095703,.000019549676,-.000094188865,.00022248733,-.000019893452,.00069520395
1960m9,.0011702435,.000040450057,-.0000857505,.00021705661,-.00001951893,.00061018165
1960m10,.0016111657,.00013061157,-.00014486813,.00022559085,-.000031028361,.00056292902
1960m11,.0014745101,.00018082997,-.00014877337,.00044569303,-.00012245488,.00057950267
1960m12,.0015237186,.0001744224,-.00021795627,.00040023186,-.00011397196,.0006292162
1961m1,.0015677573,.00012028321,-.00022013897,.00040201863,-.000088084889,.0005698062
1961m2,.0017751988,.00013988549,-.000063105697,.00036710431,-.000065812943,.00067767472
1961m3,.0016891266,.00022824389,-.000068980444,.00054378028,-.000093073206,.00060809945
1961m4,.0015742878,.0002670837,-.000070353017,.00062078511,-.00010726857,.00055173313
1961m5,.0014209258,.0002396335,-.000062123298,.00054985966,-.000092835195,.00053511781
1961m6,.0013219255,.00024416583,-.000046775425,.00053711532,-.000078768542,.00047694051
1961m7,.0013749268,.00030911074,-.000020161628,.00057330652,-.000060209379,.00043367807
1961m8,.0013022326,.00025788907,-.000020865715,.00056632172,-.000045491532,.00039769884
1961m9,.0012275749,.00021459541,-.000022001619,.00055529608,-.000031441701,.00036948046
1961m10,.0012200156,.0002251944,6.9023272e-06,.00051494275,-.000018385839,.00035269707
1961m11,.0011571969,.0001821218,.000016027385,.00052094331,-.000020152314,.00032984634
1961m12,.001229853,.00019879355,-.000026808702,.00047721941,-.00002706152,.00033403724
1962m1,.0011334477,.00019167659,-.000035556084,.00044798851,-.000044340162,.00036822417
1962m2,.001292877,.000116783,-.00025710827,.00044514801,.000037991147,.00067863922
1962m3,.0011925298,.000099506156,-.00021443276,.00042299874,.000029860912,.00059750967
1962m4,.0011151468,.000092612754,-.0001709661,.00038049184,.000026462754,.00055531581
1962m5,.0016647511,.0001653426,-.00016175125,.00036043572,.00002352264,.00049315649
1962m6,.0025468615,.00043432455,-.00030459533,.00046496643,-.000030873736,.00050312746
1962m7,.0032619215,.00048105736,-.00046013732,.00042702261,-.000043536467,.00054507644
1962m8,.0032360293,.00050088239,-.00059017178,.00041601481,-.000090618254,.00072615762
1962m9,.0028655687,.0004579626,-.0005203347,.00039293853,-.000091532136,.00067002379
1962m10,.0029457326,.00055031077,-.0004979592,.00044966847,-.00010138626,.00060081872
1962m11,.0025996801,.00055621349,-.00043045654,.00064485997,-.00012959796,.00054600235
1962m12,.0035356977,.00073333591,-.00035913612,.00065875467,-.000103056,.0004929885
1963m1,.0030989053,.00069083425,-.00030420689,.00079896062,-.000095201824,.00044234577
1963m2,.0029378328,.0007205251,-.00021790662,.00083175645,-.000045939585,.00045480911
1963m3,.0027004073,.00063132384,-.00023139137,.0007328614,-.000034045919,.00046842723
1963m4,.0024503311,.00054238678,-.00017395796,.00074339635,-.000060748953,.00046197828
1963m5,.0023422113,.00045883455,-.000129662,.00068379939,-.000058917187,.00042469896
1963m6,.0020894706,.00041430822,-.000093490686,.00061742711,-.000034673321,.00046401261
1963m7,.0019477856,.00037761824,-.000084259053,.00054891227,-.000029563533,.00042127282
1963m8,.0017530016,.00034192434,-.000058707701,.00049423246,-.000018329489,.00040512061
1963m9,.0018001555,.00028014317,5.0562494e-07,.00045676099,-.000026422318,.0003972002
1963m10,.0016744124,.00026031802,9.0033718e-06,.00041146294,-.000021113368,.00036508052
1963m11,.0015443935,.00022681322,6.5129730e-06,.00037599794,-.000014527199,.00034183945
1963m12,.0014223501,.00022434318,-7.7368695e-06,.00036083904,-.000027845381,.00034715576
1964m1,.001303893,.00018864749,-6.1581895e-06,.00038760746,-.000014400765,.00032731768
1964m2,.0012155542,.00016882087,.000019960897,.00035116385,-.000015343814,.00033457266
1964m3,.0011200728,.00015504051,.000045681856,.00031864489,-.000013057153,.00041083863
1964m4,.0010359463,.00015022662,.000069997506,.00030190006,.0000168528,.00051818235
1964m5,.00096244051,.00015092886,.000071413124,.00030896874,.000027085836,.00047169536
1964m6,.0009011823,.00013375984,.000080390768,.00029587751,.000011737425,.00046218277
1964m7,.00084645045,.00012282001,.000078636578,.00027327586,.000010417767,.00041966952
1964m8,.00080859422,.00011707543,.000079171048,.0002520977,.000011101051,.00038499516
1964m9,.00081873091,.00011068552,.000081013277,.0002336875,.000011259865,.00035559051
1964m10,.00081923191,.000090301721,.00010840224,.00022336902,2.3260729e-06,.00035788547
1964m11,.00077266997,.000086298722,.00010179203,.00021082623,6.6906919e-06,.00034293163
1964m12,.00073865295,.000078849851,.000119525,.0002019057,-6.5918425e-06,.00040303281
1965m1,.00070903578,.000079823993,.00014165278,.00019228057,7.0253550e-06,.00050211255
1965m2,.00077443785,.00017779991,.00012584354,.00027716381,3.8453886e-06,.00045003084
1965m3,.00073501904,.00016644888,.00011755837,.00041904618,2.0006962e-07,.00040788128
1965m4,.00075071712,.00012419951,.000093957016,.00041786881,.000011958728,.00038176079
1965m5,.00078310882,.00014248917,.000098922508,.00039292811,.000015442158,.0003542834
1965m6,.00076777488,.00013365602,.00012960707,.00035452112,.000016653408,.00038968388
1965m7,.0011922725,.00044467254,.00010458707,.00060494029,7.3853093e-06,.00035957029
1965m8,.0010980914,.00040245417,.00011289251,.00054436794,.000019296509,.00038890974
1965m9,.0010602874,.00042529192,.000081659251,.00059203658,-.000012067347,.00038889455
1965m10,.0010344391,.00039251681,.000069457899,.00052910415,-.000010872435,.00036113238
1965m11,.00099969434,.00040339789,.000091152258,.00054914388,.000016693632,.0003603684
1965m12,.00093350664,.00038006398,.000087224937,.00078919227,.000013767464,.00033508247
1966m1,.00087142177,.00035396469,.000090340232,.00074998342,.000041943364,.00036174615
1966m2,.00081718096,.00034506616,.000091236347,.00086232508,.00014968475,.00049888284
1966m3,.00081486354,.00027356905,.00008572363,.0010283219,.0001443349,.00044712826
1966m4,.00089297339,.00023110287,.00016333346,.00090973487,.00011867652,.00049401878
1966m5,.00086024811,.00025968585,.00014059011,.00095669506,.000092486946,.0004525976
1966m6,.0012940794,.00052066304,.00026420865,.0011608528,.00016613948,.00047117748
1966m7,.0012343077,.00045539896,.00023711222,.0010262448,.0001471284,.00042503787
1966m8,.0011933672,.00041593585,.00020800883,.00090005476,.00012857729,.00039092515
1966m9,.0019837623,.00065480801,.00018986149,.00095669529,.00011439015,.00036043086
1966m10,.0018068289,.00059401197,.00017187615,.00085846853,.00010121043,.00033536565
1966m11,.0017371309,.00047426941,.00023099057,.0013944437,-.000054150441,.00040993342
1966m12,.0015639826,.00046295777,.00020507196,.0014698807,-.00021998094,.00075498532
1967m1,.0014140147,.00040947017,.0001918974,.0013219671,-.00020589071,.0006958759
1967m2,.0019462266,.00094285927,.00028044355,.0021456915,-.0001137161,.0006513659
1967m3,.0017372784,.00084819616,.00025864781,.002010907,-.00014969906,.00067579624
1967m4,.0016876326,.00079208688,.0002305494,.001780573,-.00012710218,.00059078506
1967m5,.0016373788,.00071631593,.00015717583,.0015476156,-.00012092577,.00065060752
1967m6,.0017773102,.00060653663,.00012910494,.0013964806,-.000095840835,.00057479978
1967m7,.001627399,.00065646745,.00012535538,.0017123874,-.000063698841,.00051428442
1967m8,.001644225,.00067842932,.00019011355,.0016142024,-9.7741349e-06,.00054295175
1967m9,.0015093203,.00059574732,.00016066887,.001403844,-3.2284504e-06,.00050281634
1967m10,.0014324755,.00059350615,.00010252544,.0013496126,-.000061665436,.00057313789
1967m11,.0014704679,.00050604995,.00022044296,.0011998948,-.000090590664,.00072380586
1967m12,.0013313311,.00044742101,.00020664863,.0010466146,-.000077979945,.00069466972
1968m1,.0012767003,.00054692163,.00017486019,.0013694376,-.00010084486,.00061398232
1968m2,.001436805,.00039178613,2.5236199e-07,.0013978579,.00002776922,.00084520911
1968m3,.0015395434,.00046559333,-.000018788496,.0013501862,.00001161788,.00073850137
1968m4,.0013921835,.0004200316,-7.2797425e-06,.0012029432,.000020612144,.00065465039
1968m5,.0020979904,.00082903559,-.000090043082,.0015034963,-.000033972217,.00060245453
1968m6,.0018967941,.00086660002,-.000067371235,.0018775882,-6.8914583e-06,.0005349663
1968m7,.0016949046,.00075779122,-.000052993546,.0016286463,-3.8229960e-06,.00047807774
1968m8,.0016630341,.00071174855,-.00019667244,.0014425362,-.000057307396,.00084244087
1968m9,.0014996015,.00064433517,-.00016103785,.0013271993,-.000037732359,.00073250505
1968m10,.0014873504,.00065365201,-.00013810984,.0012594573,-.000031847616,.00063653698
1968m11,.0013454076,.00057696941,-.00012509768,.0011023276,-.000036032838,.00066099007
1968m12,.0014904948,.00061852991,-.00015090359,.0010361017,-.000048467424,.00060231326
1969m1,.0016062582,.00046672736,-.00011936107,.0010660165,-.000048398233,.00053248409
1969m2,.0014921759,.00042900353,-.00011996187,.00094295316,-.000048761889,.00050285732
1969m3,.0018629035,.00063927064,-.0001360688,.0010528152,-.000060689661,.00045563083
1969m4,.0017106982,.00056025159,-.00012592433,.0009220721,-.000048413123,.00042174148
1969m5,.0015423964,.0004904276,-.00010715315,.00082164124,-.000037794132,.00038591117
1969m6,.0013993589,.00043628793,-.0000923361,.00072403508,-.000032185406,.00035799894
1969m7,.0020155306,.00086249702,.000022313281,.0010698471,.000050269995,.00036473578
1969m8,.0025092955,.0010238144,-.000042353695,.0010907548,.000018289737,.00035704748
1969m9,.0024085436,.00093261566,-.0001702998,.00096279132,-.000010846182,.00060678902
1969m10,.0022961067,.00080713845,-.00006887834,.0008611753,-.000037128091,.00073176762
1969m11,.0022640093,.00087533391,-.00015941386,.00095233775,-.00013292092,.00083301909
1969m12,.0022519308,.00088637369,-.000096218449,.0009331074,-.000090244088,.00075046928
1970m1,.002132545,.00091440685,-8.7017906e-06,.0010199912,9.8614064e-06,.00083188823
1970m2,.0028274243,.0007224541,-.00016505782,.0010054747,.000062991734,.00083243335
1970m3,.0027261889,.00059532275,-.000047364054,.00096770289,-1.9689921e-06,.00092985842
1970m4,.0024423483,.00056313787,-.000077474637,.00093110371,-.000064388718,.0010348638
1970m5,.0038064278,.0012164864,-.00060197519,.0013680551,-.0003698561,.0014541859
1970m6,.0040275897,.0013898568,-.00068008708,.0014935296,-.00043007737,.0013920835
1970m7,.0040254002,.0013474992,-.0006013338,.0013693784,-.00036851369,.0011739397
1970m8,.0039815558,.0011886839,-.00049620343,.0011980062,-.00031021418,.0010014942
1970m9,.0036511247,.0010815215,-.00040357458,.0010742256,-.00025509609,.00086267624
1970m10,.0033412899,.0013266481,-.00052333216,.0019815604,-.00072401832,.0012729078
1970m11,.003038479,.001283812,-.00043442048,.0019838747,-.00063041667,.0010744905
1970m12,.0028530443,.0010932768,-.00033920593,.0019676245,-.00058619247,.00094154367
1971m1,.0028149092,.0010767421,-.00026881398,.00181973,-.00049261365,.00081238011
1971m2,.0026857092,.0012650251,-.00020078714,.0023502472,-.0004206211,.00071708154
1971m3,.0023761359,.0011124167,-.00017512802,.0020794668,-.00038058506,.00066774333
1971m4,.0022457591,.0010454205,-.00027377254,.0018882849,-.00043168818,.00087712129
1971m5,.0020651948,.00090809661,-.00022126338,.0016415756,-.00036309351,.00075607665
1971m6,.0021026833,.00085273362,-.00013329605,.0014457842,-.00029901377,.00070145156
1971m7,.0018789661,.00075783767,-.000097774122,.0012907707,-.00023801328,.00069637696
1971m8,.0020050062,.00074992364,-.000072013107,.0011609744,-.00019902023,.0006077271
1971m9,.0019015349,.00065717963,-2.2125653e-06,.0010142769,-.00017886811,.00062377669
1971m10,.0017280641,.00057414139,.00004523616,.00088868476,-.00016836918,.00071672769
1971m11,.0018659135,.00060608552,.000078615914,.00083010981,-.00013178171,.00063401932
1971m12,.0016848212,.00057754049,.000094924137,.00085216895,-.000067550362,.00062450679
1972m1,.002281812,.00078155729,.000057023761,.00089333166,-.000072051014,.00055408973
1972m2,.0020625992,.00084202585,.000079153986,.0013013788,.000022743738,.00053809467
1972m3,.0018929389,.0007618884,.000028194912,.0011574087,-5.9807285e-06,.00062744226
1972m4,.001691673,.00066674902,.00003268784,.0010119708,2.3636642e-06,.00061344885
1972m5,.001521408,.0005854374,.00003431502,.00088551122,4.3019813e-06,.00053997908
1972m6,.0013771004,.00052108814,.000023946808,.00089634547,.000080382357,.00062705041
1972m7,.00136815,.00046085601,.0001008635,.00078686455,.0000698289,.00066944974
1972m8,.0012696463,.00046317617,.000088655652,.00082016911,.000054307988,.00058822212
1972m9,.0012362315,.00034889218,.00019309713,.00096969446,-.00010122277,.00080802134
1972m10,.00117041,.00036507822,.0001711654,.00096040528,-.000089098896,.00069798098
1972m11,.0010735358,.00034132093,.00015384164,.00095404271,-.000095760435,.00062346819
1972m12,.0011719796,.0002724152,.00032160734,.00085688598,-.00013123013,.0008528941
1973m1,.0010745494,.00025134473,.00029684664,.00080723705,-.000079823447,.00083906431
1973m2,.0011827871,.00037446932,.00019969491,.00089519122,-.00013348884,.0008097153
1973m3,.0014542808,.00056598638,.0001279797,.0010245676,-.00015915625,.00072787935
1973m4,.0013639808,.00056353252,.000085294283,.0010223037,-.00019532662,.00072947599
1973m5,.0017283368,.00076597696,-.00020086157,.0011335723,-.0003742899,.0010804608
1973m6,.0017103272,.00093384099,-.00016539334,.0015434612,-.000344731,.00091853831
1973m7,.0015969737,.0008900977,-.00015276542,.0014733011,-.00031768886,.00080537144
1973m8,.0016634655,.0011723866,-.00033465034,.0021440475,-.00068597792,.0011698536
1973m9,.0017432894,.0011255151,-.00031215255,.0019215978,-.00059045915,.0010020373
1973m10,.0017595716,.0010970313,-.00022574038,.0017786429,-.00048603612,.00090372312
1973m11,.0016069182,.00096302433,-.00020359838,.0015437963,-.00041407617,.00080576359
1973m12,.0036164515,.0019876095,-.00061686942,.0022124911,-.00063941022,.00090595614
1974m1,.0031671282,.0018295791,-.00056158099,.0023368825,-.00074855628,.0010142813
1974m2,.0027915495,.0018007207,-.00056083995,.0033894994,-.00045432386,.0013400096
1974m3,.0024777337,.0015615948,-.00049057795,.0029242607,-.00038516449,.0012048602
1974m4,.0023406376,.0013525815,-.00040862488,.0026064753,-.00032756024,.0010219141
1974m5,.0025064051,.001263423,-.00038252297,.0022622552,-.00027551648,.00087790523
1974m6,.0025636861,.0012598113,-.00026475952,.0020985466,-.00019614585,.00084450719
1974m7,.0024159059,.0011178134,-.00023192452,.0018182063,-.00016301779,.00073004491
1974m8,.0030594447,.0010198199,-.00055604562,.0015859115,-.00012376133,.0010059482
1974m9,.0039037843,.0010306984,-.0006617498,.0013863858,-.00011455931,.0009349116
1974m10,.0052808565,.0010008671,-.0011332172,.001206766,-.000099202705,.0012222186
1974m11,.0074343751,.00068691192,-.0024711015,.0012378054,.00019290943,.0026095756
1974m12,.0067617046,.00064879574,-.0020749902,.0011023704,.00016789766,.0021600788
1975m1,.0060666646,.00073327962,-.0017364133,.0013121399,.00016098752,.0017940518
1975m2,.0072772172,.0018456659,-.0013256586,.0028485367,.00086055562,.002464799
1975m3,.0065830769,.0016155966,-.0012743486,.0024603244,.00076321053,.0024045003
1975m4,.0057521136,.0014708556,-.0010470899,.002320511,.00070004433,.0020579069
1975m5,.0051439395,.0012726835,-.0008978807,.0020129143,.00059541524,.0017428119
1975m6,.0047155437,.0012440917,-.00090184901,.0019442715,.00046209453,.0017590033
1975m7,.0043116678,.0011069105,-.0007358052,.0016912726,.00039382509,.0014818551
1975m8,.004400983,.00090845115,-.00069062505,.0015633554,.00036062999,.00127199
1975m9,.0039903405,.00089180283,-.00055523706,.0015139603,.00034120391,.0010973146
1975m10,.0037830495,.00079856749,-.0004676797,.0013165348,.00028938439,.0009319422
1975m11,.0035636981,.00061905821,-.00039399957,.0013894154,.00026006997,.00079798495
1975m12,.0031670486,.00053158373,-.00031076008,.0012327506,.00021300901,.00073200406
1976m1,.0028461274,.00048424836,-.00028309895,.0010851849,.00017725426,.0006675261
1976m2,.0040812055,.0009429144,.00059054879,.0012661804,.00057509955,.0016400499
1976m3,.0035665657,.00090091588,.00054850243,.001793701,.00084686681,.0018316093
1976m4,.0031558156,.0007774363,.00046835621,.0015783495,.00071544782,.0015288187
1976m5,.0028305664,.00068306795,.00040982442,.0013712798,.00060192839,.0012839835
1976m6,.0025445123,.00062117912,.00038014661,.0012194641,.00052998227,.0011264975
1976m7,.0023833965,.00052100269,.00034080911,.0010932805,.00044861471,.00095741183
1976m8,.0021493423,.0004573015,.00028564539,.00095562375,.00038705138,.00084925949
1976m9,.0019303587,.00043167191,.00024783926,.00090004358,.00032949081,.00073389499
1976m10,.00174558,.00038132435,.00021413922,.00078949623,.00028328685,.00064364937
1976m11,.0016828181,.00033794073,.00020455489,.00069486134,.00024360869,.00056780706
1976m12,.0015131856,.00030057321,.00018204014,.00068603439,.00023978071,.00052475708
1977m1,.001659625,.00041981385,.00025498899,.00072645902,.00026892347,.00052332104
1977m2,.0017634468,.00020637637,.000085626292,.00095451961,.00045080617,.000707953
1977m3,.0016654897,.00017077327,.000077935132,.00085043034,.00038851958,.00061686151
1977m4,.0015486877,.00014413243,.000063312284,.00075844122,.00034118304,.00055017759
1977m5,.0014006499,.00013503461,.000050377683,.0006685183,.00030964159,.0006396735
1977m6,.0013265678,.00010666013,.000041597941,.00060818571,.00027295484,.00056496414
1977m7,.0013989958,.0001802684,9.5272953e-06,.00059820391,.0002266279,.00051584974
1977m8,.0013377493,.00012621962,.000033414948,.00058964407,.00018661631,.00047485356
1977m9,.0012888173,.000089083514,.00010905398,.00055211881,.00013579598,.00058105809
1977m10,.0011859352,.000074692267,.00010795155,.00051715726,.00011129472,.00052436301
1977m11,.0013969471,.000017940743,.000041078813,.00048066728,.00011389921,.00049712748
1977m12,.0013970968,.00013666273,.000042737447,.00061454065,.00010677459,.00044570616
1978m1,.0012694551,.00012368034,.00004573878,.00056624442,.000088703964,.00041140264
1978m2,.0016993101,-4.5703259e-06,-.00014572185,.00056759338,.00014426847,.00051120174
1978m3,.0015781379,-.000053053685,-.00012948363,.00067594642,.00014796123,.00046043613
1978m4,.0014772053,.000014601301,-.0000936055,.00075812609,.00016446081,.00042952882
1978m5,.0019529727,.000037611171,-.00034944818,.0006687686,.00014870013,.0006180437
1978m6,.001756281,.000079061174,-.00030529819,.00087622815,.00010897298,.00055824284
1978m7,.0016435867,.000053828237,-.00026594367,.00080521818,.000099525008,.00049612828
1978m8,.0017107025,.000062261119,-.0002859954,.00070848723,.000087421991,.00047664123
1978m9,.0016466704,.00018795166,-.00026817858,.00098350248,.000052145737,.00043951336
1978m10,.0015356126,.00017997483,-.00026202778,.000864595,.000042504988,.00043563123
1978m11,.0032958467,.0014552509,-.00037570923,.0021909107,-.00004639092,.00041217572
1978m12,.002940607,.0013199062,-.00037227396,.0020177914,-.000086488842,.00047800731
1979m1,.002588765,.0011500957,-.00033512624,.0017668627,-.00009330867,.00052975898
1979m2,.0024361033,.0011195393,-.00025444711,.0017164834,-.000041689269,.00052855321
1979m3,.0023750558,.00099339872,-.00024513138,.0014912391,-.000031937583,.00048222372
1979m4,.0024009575,.0010090712,-.00025048078,.0014332738,-.000046254878,.00044881759
1979m5,.0021335338,.00088458951,-.00021750381,.0013075137,-.000028477965,.00041492534
1979m6,.0019996767,.00077564496,-.00022580005,.0011416811,-.000017982711,.00041813886
1979m7,.0019014541,.00071284361,-.00016983216,.0010133183,-4.7259850e-06,.00040205382
1979m8,.0016990418,.00062926725,-.00014443035,.00090581342,9.8561923e-06,.0003967692
1979m9,.001804659,.00064934226,-.00020450504,.00084999134,-.000018440249,.00041643562
1979m10,.0016440278,.00057603215,-.00016168933,.00074804318,-.000010936614,.00040380339
1979m11,.0024092521,.00082889554,.00002630223,.00082633848,.000060106562,.00044741176
1979m12,.0023767988,.00084592804,-.000093076087,.00082612585,-.000021951641,.00060823135
1980m1,.0021198459,.00082225178,-.000093868315,.00096582755,-.000093917872,.00062305434
1980m2,.002162559,.00079826458,-.000028933144,.00088025199,-.000064225278,.00058337767
1980m3,.0019669726,.00073715387,-.000022592654,.00082450541,-.000057722453,.00051681872
1980m4,.003976597,.0016769327,.00014352553,.0013749356,.000025523255,.00049208291
1980m5,.0036029255,.0014822725,.0001464536,.0012072172,.000028385184,.00044952624
1980m6,.0034040192,.0013815899,.00013980444,.0011119004,.000028588975,.00040729818
1980m7,.003051491,.0012357859,.00011171405,.0010064112,.00001311559,.00039601969
1980m8,.0030845106,.001337402,-.00018979114,.0011263284,-.00024343384,.0010503824
1980m9,.0027259104,.0012484222,-.00017839584,.0011915595,-.00028991624,.0010320749
1980m10,.0024309966,.0010947438,-.00020757648,.0010480797,-.00029936127,.0012888164
1980m11,.0021536709,.00097909465,-.000181985,.00099688442,-.00030707466,.0012337209
1980m12,.0028614267,.00075305032,-.00076320989,.0010527038,-.00012125154,.0022159575
1981m1,.0028484995,.00069109659,-.00072088832,.0009221817,-.00010413351,.0019237384
1981m2,.0029059071,.00054361601,-.0009026216,.00092896598,.000013891104,.0022604733
1981m3,.0025589657,.00047776735,-.00074906641,.00081639999,.000013422242,.0018803144
1981m4,.0023593479,.00051547121,-.00062376278,.00089129887,.000021389473,.0015680112
1981m5,.0021854185,.00040752543,-.00056040607,.0010494404,.000072426999,.0013708854
1981m6,.0019462476,.0003592596,-.00046510284,.00096927292,.000056641697,.0011625126
1981m7,.0018501305,.00034480556,-.00053040712,.00086156919,.000026505695,.0013412483
1981m8,.0017155624,.00035358372,-.00043415392,.00083067128,.000038842987,.0011441469
1981m9,.002258081,.00046753208,-.00067551999,.00078992156,-.000023662973,.0012844481
1981m10,.0027487078,.00061930623,-.00091529149,.00080385851,-.00011226595,.001449035
1981m11,.0026370506,.00062186207,-.00095277413,.00076658581,-.00016177312,.0015391632
1981m12,.0024129788,.00053406646,-.0007869383,.00069122127,-.00014504169,.001327474
1982m1,.0023645747,.00045065969,-.00068360945,.0006270287,-.00011726251,.0011210568
1982m2,.0022822868,.00044995587,-.00067424821,.00058280298,-.00012899745,.0010735922
1982m3,.0025423879,.00039895947,-.00094596046,.00051937258,-.00010373449,.0014248975
1982m4,.002327241,.00036203317,-.00088571681,.00046415837,-.000096272299,.0013820421
1982m5,.0021421495,.00035644989,-.00082498265,.00044410315,-.00011600563,.0013169962
1982m6,.0021696826,.00031189187,-.00075898663,.00040032319,-.000092565795,.001144174
1982m7,.0021015196,.00030008832,-.00067958434,.00036434838,-.00008136774,.00099133363
1982m8,.0020524042,.00024962515,-.00057653501,.00033783546,-.000068484107,.00084662624
1982m9,.0031339454,-.00018381979,-.00047330279,.00056087121,-.000091421243,.00073939149
1982m10,.0027579772,-.00014701845,-.00039604405,.00060935441,-.00007986588,.00064196839
1982m11,.0037782795,.00003351468,-.00073815224,.00061335502,-.00014874716,.00081457268
1982m12,.0034938459,.00016226841,-.00070250692,.00085618778,-.0002257217,.0007851327
1983m1,.0030622799,.00014974816,-.00058968784,.00075282756,-.00018939086,.0006806957
1983m2,.0027929435,.00019029967,-.00052849192,.00075933774,-.00018922765,.00061675993
1983m3,.0025045269,.00022033951,-.00044437801,.00080920203,-.00016116729,.00054434285
1983m4,.0022686655,.00022559616,-.00036012271,.00075196166,-.000120325,.00053073675
1983m5,.0024397746,.00023031478,-.00030575215,.00066514214,-.00010096483,.00047400175
1983m6,.0021601156,.00023070781,-.00026165016,.0011126092,-.00019681914,.00047346545
1983m7,.0019872715,.0002218743,-.00032815742,.00098083005,-.00020942933,.00070110505
1983m8,.0020462014,.0001663664,-.00052556128,.000885577,-.00015304331,.0010393119
1983m9,.0018402881,.00020308977,-.00053809857,.0010527498,-.00031201137,.0013035614
1983m10,.0016470733,.00018559421,-.00044859,.00092334062,-.00025891836,.0011071691
1983m11,.0016875282,.00029713032,-.00056315557,.0010052071,-.00036642427,.0012816601
1983m12,.0015410818,.00029048108,-.00048292463,.00093298871,-.00032272798,.0010961746
1984m1,.0014646505,.00026956669,-.00043437263,.00081973709,-.00027547081,.00095911097
1984m2,.0014078168,.00025516073,-.00060608593,.00072445557,-.00030704911,.0016420262
1984m3,.0016429169,.00032206264,-.00064991048,.00068506319,-.00029975557,.0015100319
1984m4,.0014776534,.0002874443,-.0005433053,.0006049946,-.00024949672,.0012666195
1984m5,.0013541934,.00027340499,-.00046523343,.0005600744,-.00021840322,.0010818
1984m6,.0017654179,.00026021912,-.00040480011,.00049782335,-.00018262937,.00091951818
1984m7,.0015972921,.0002309885,-.00037839758,.00044679127,-.0001518786,.00092328514
1984m8,.0015811272,.00028678376,-.00032503399,.00047695136,-.00013283819,.00079108344
1984m9,.002524111,.00025315979,-.00046784637,.00042824287,-.00010909978,.00075571216
1984m10,.0022591527,.00022679505,-.00049408275,.00038495249,-.000097747201,.0010359302
1984m11,.0020338136,.00022281276,-.00041581801,.00037212213,-.000083622392,.0008825722
1984m12,.0018852414,.00021755257,-.00043852528,.00034379237,-.000096898126,.00097278663
1985m1,.0017004,.00019158395,-.0003719611,.00031929693,-.000078537909,.00083490863
1985m2,.0021631056,.00041554871,-.00072357577,.00043545966,-.00025863896,.0012323726
1985m3,.0019260158,.00037242076,-.00060835335,.00039739849,-.00022052832,.0010449083
1985m4,.0017486475,.00035123664,-.0005850906,.00038024213,-.00023559968,.0011043032
1985m5,.0016014485,.00031444576,-.00055742502,.00034361504,-.00020852781,.0011148774
1985m6,.001672524,.00021100283,-.00051942543,.00039114107,-.00016270811,.00096814055
1985m7,.0015067214,.00019363983,-.00043656354,.00035598129,-.00013660852,.00082799396
1985m8,.0013861366,.00015133123,-.00035834467,.00043127363,-.00016913534,.00077592576
1985m9,.001293582,.00014606582,-.00033556402,.00039008536,-.00015294255,.00072857982
1985m10,.0015089333,.00022025179,-.00033649395,.00039235034,-.00014636366,.00064825785
1985m11,.0014945422,.00016241611,-.0002794152,.00039381333,-.00013337137,.00057118997
1985m12,.0017503711,.00016161722,-.00042479616,.00035542762,-.00012500555,.00067106454
1986m1,.0016903207,.00013604709,-.00041856064,.0003274183,-.000099871235,.00064390851
1986m2,.0015181988,.00012652465,-.00035546173,.00031631431,-.000083622232,.00056538533
1986m3,.0018657272,.000081966566,-.00038964822,.00029676891,-.000064021871,.0005260302
1986m4,.0018771922,.000059901875,-.00036819215,.00027728855,-.000050359773,.00047927257
1986m5,.0017269577,.000014490613,-.00028583172,.00036300396,-.00014191745,.00059558393
1986m6,.0017331839,-.000023188815,-.00026029229,.0003571909,-.00011865462,.00052858173
1986m7,.0015560979,-.000016374552,-.0002197396,.00033807507,-.00011240766,.00048844988
1986m8,.002017926,.00021977855,-.00051473733,.00048069964,-.00027473233,.00074488908
1986m9,.0021436133,.000057741494,-.00036520607,.00069189334,-.00038420098,.0008032964
1986m10,.0029455719,-.000068300527,-.00054052391,.0006790426,-.00031344313,.00082056556
1986m11,.0027800959,-.00011260625,-.00050927413,.00069575565,-.00025438113,.00075158093
1986m12,.0024535765,-.000096499709,-.00042980461,.00067247794,-.00021639516,.00065418211
1987m1,.0023613251,-.000076441625,-.00037036208,.00059418619,-.0001837366,.00057293673
1987m2,.0037525597,-.00022816702,-.00071984559,.00057864591,-.00012201241,.00069883699
1987m3,.0034461464,-.00013022123,-.00088442559,.00067855103,-.00031242962,.0012311013
1987m4,.0030315844,-.00010187942,-.00073977932,.00060045003,-.00026237729,.0010667728
1987m5,.0027615298,-.000051361458,-.00061705877,.0005787228,-.00021886869,.00091393094
1987m6,.0024394009,-.00003379667,-.00051718205,.00051925232,-.00018410098,.00078410772
1987m7,.0022847431,-.000073134986,-.00042876499,.00053777325,-.00017330269,.00068633375
1987m8,.0021454717,-.000071724004,-.00035926967,.00048625705,-.00014952461,.00060114771
1987m9,.0020026769,-.000072271047,-.00033531184,.00044478863,-.00012156836,.00055500306
1987m10,.0019159988,-.000066807268,-.00028709424,.00040160221,-.00010398169,.00049263734
1987m11,.0085920626,.002229346,-.0012642721,.0014012987,-.00047590112,.00067821628
1987m12,.0082883537,.0020065168,-.0012755133,.0013206998,-.00040233173,.00070963957
1988m1,.007612912,.0017742848,-.0013795882,.0011500758,-.00038630783,.00097505806
1988m2,.0067351027,.0015425284,-.0012339312,.0010128642,-.00038407149,.0011968749
1988m3,.0060325796,.0014750829,-.0010961554,.0010375873,-.00037904183,.0010741536
1988m4,.0053415159,.0014187731,-.00093031029,.0014319976,-.00035623321,.00091582938
1988m5,.0046438542,.0012305118,-.00079033838,.0012561505,-.00029803687,.00081300433
1988m6,.0040583313,.0011137181,-.00069087342,.001202882,-.00029443906,.00076042156
1988m7,.003745154,.0010379307,-.00063129561,.001107602,-.0002727317,.00069165445
1988m8,.0033230775,.00090877071,-.00056955294,.00096867845,-.00024013553,.00066150603
1988m9,.0031094574,.00080777437,-.00054183987,.00084819144,-.00020784095,.00062619813
1988m10,.0028135846,.00070082868,-.00048197771,.00077127991,-.00017055456,.00056671439
1988m11,.0024820259,.00063717179,-.00041132572,.00080766209,-.00018289385,.00053016894
1988m12,.0023036643,.00060804957,-.00037538586,.00075797475,-.00017171564,.00048602282
1989m1,.0020505297,.00055349368,-.00033951018,.00071610976,-.00017966439,.00049221813
1989m2,.0021753935,.00044423272,-.00029428542,.00070270576,-.00016134312,.00044229918
1989m3,.0020383282,.00036325326,-.00026674953,.00072162488,-.00013295999,.00040586814
1989m4,.0018249801,.00032707411,-.00022749887,.00064205076,-.00011370318,.0003720815
1989m5,.0017908736,.00028131687,-.00025943879,.00057486841,-.000089813213,.00039530193
1989m6,.0016880133,.00025236569,-.00025275847,.00051071146,-.000076369877,.00038444262
1989m7,.0015669757,.00024751652,-.00025602127,.00047304432,-.000085810854,.00040618048
1989m8,.0019183274,.000019117761,-.00043959622,.00066608423,.000048609905,.00052837044
1989m9,.0017197712,.000026452408,-.00037435035,.00059101469,.000044962941,.00047341231
1989m10,.0015692074,.000028836535,-.00031016223,.00052479812,.000039216426,.0004698135
1989m11,.0016444001,.00015607447,-.00022842227,.00063294295,.000078714809,.00045228429
1989m12,.0014800987,.00014195619,-.00020126795,.00058592221,.000087370143,.0004420171
1990m1,.0013406652,.000127687,-.00017131335,.00061006052,.000081569815,.00040107223
1990m2,.0020974858,.00022547256,-.00019984967,.00056785578,.000068062487,.0003721361
1990m3,.0018686374,.00020684853,-.00016972439,.00051690912,.000063939136,.00034559486
1990m4,.0016859164,.00020132396,-.00018451101,.00048974529,.000017441966,.00048526676
1990m5,.0017128928,.00020601456,-.000075345546,.00044260174,.000032568441,.00056602032
1990m6,.0022511617,.000038802697,-.00033281679,.00049825746,.0001327091,.00075934344
1990m7,.0020370069,.000025979005,-.00026463449,.00047019971,.000098636323,.0007396742
1990m8,.0018964994,.00009625424,-.00021769518,.00057653006,.00010100957,.00064418768
1990m9,.0031090523,.00043418631,-.00031369383,.00070568814,.000060436956,.00059088034
1990m10,.0032918877,.00059407309,-.0002955927,.00082604703,.000046884928,.00052417861
1990m11,.0029719376,.00068530155,-.00025015578,.0011796211,.000050121122,.00046764858
1990m12,.0029972214,.0006293492,-.00037709938,.0010297862,.000043545315,.00060703437
1991m1,.0026737195,.00056093076,-.00034783079,.00090785342,.000031885091,.00059084542
1991m2,.0025502455,.00062474946,-.00036695244,.00099236635,-.000025250631,.0005955114
1991m3,.0027584527,.00077061745,-.00036612313,.0010799706,-.000044097455,.00053740077
1991m4,.002477756,.00075953925,-.00033756898,.0011507149,-.000081063154,.00051710248
1991m5,.0022039062,.00066225405,-.00029602027,.001006724,-.000065343083,.00047947961
1991m6,.0020609687,.0005797029,-.00027524013,.00088355993,-.000051989089,.00044395082
1991m7,.0022181063,.00053114782,-.00028315978,.00077519851,-.000043448286,.00041368313
1991m8,.0021196646,.00045331736,-.0002955641,.00069800083,-.000023161363,.00041836168
1991m9,.0019168758,.00042332371,-.00027019918,.00064796192,-.000032715947,.00040169392
1991m10,.0017754232,.00035677457,-.0002110708,.00060678425,-.000044939607,.00039542979
1991m11,.0015950782,.00032220251,-.00018441994,.00054706243,-.000043214903,.00037272577
1991m12,.0017244124,.0003201559,-.000063791427,.00049125269,-.000025390702,.00042362901
1992m1,.0027767306,.00011067072,-.00050122605,.00051707571,.000080985046,.0006847849
1992m2,.0024683282,.000038999398,-.00050352671,.0014602412,.00042750573,.00086778105
1992m3,.0021858914,.000044748904,-.00047984146,.0012784863,.00045465084,.0013112898
1992m4,.0020776216,.000068301728,-.0004897567,.0011320865,.00038905564,.0012773504
1992m5,.0018513547,.00006397588,-.00042751397,.0015421871,.00026437748,.0013200571
1992m6,.0016579971,.00006432036,-.00035903839,.0013413036,.00022709518,.0011259506
1992m7,.0016019198,.00012657724,-.00037889864,.0013133202,.00015928545,.0011022799
1992m8,.001555017,.00011081226,-.00033902144,.001147878,.00013982244,.00094768725
1992m9,.0015167127,.0001104083,-.0002618359,.0010024779,.00012351545,.00084028603
1992m10,.0013723434,.0001059037,-.00022062298,.00088023022,.00010584473,.00072837737
1992m11,.0012471412,.00010658008,-.00019734775,.00082692824,.000066266817,.00072639366
1992m12,.0012793363,.00020549058,-.00022025473,.00091147504,.000018376348,.00068291277
1993m1,.0011744719,.00019864498,-.00017659277,.00083364226,.000041188589,.00067045825
1993m2,.0010771849,.00018817888,-.00015843318,.00078697701,.00012790723,.0010666397
1993m3,.00099731435,.00020006851,-.00017978609,.00087168376,-.000019945848,.0014837148
1993m4,.00095537148,.00018524632,-.00013802802,.00076529873,-.000013551758,.0012576797
1993m5,.0010584396,.00019771278,-.00018051529,.00068290054,-.000020084597,.0011423548
1993m6,.0010338952,.00021908955,-.00022165962,.00065279152,-.000062504761,.0011872867
1993m7,.00095815252,.00020087101,-.00019530115,.00057956798,-.000057537836,.001085326
1993m8,.00090458588,.00017684809,-.00019324019,.00052442553,-.000032035634,.0010544428
1993m9,.00095445261,.00017008166,-.00018094388,.0004679265,-.000026303505,.0009068689
1993m10,.00089646946,.00013994821,-.00014618952,.00054960581,-.000039580089,.00078706804
1993m11,.00084454112,.00014054071,-.00013553697,.00051500229,-.000051734802,.00073610985
1993m12,.00087512058,.00017163358,-.00009940438,.00049258326,-.000036053185,.00064505881
1994m1,.0008310033,.00016970302,-.00007968564,.00045795072,-.0000273244,.00056638819
1994m2,.00083868887,.00015774304,-.000030063415,.00041022958,-.000021832284,.00054913841
1994m3,.00091725832,.000062347382,.000034593919,.00046853811,-.000060951406,.00053706852
1994m4,.0012177109,.00011882538,-.000013681963,.00043563196,-.000060490056,.00049310504
1994m5,.0011136127,.00011188723,-7.1769291e-06,.00040591939,-.000063907413,.00047053432
1994m6,.0010246903,.0001103558,-1.0292021e-06,.00042985519,-.000052745869,.00042449214
1994m7,.0011159781,.00012490069,-.000043461085,.00039074224,-.000052168296,.0004149476
1994m8,.0010800636,.000085492778,-.000028730647,.00039992493,-.0000497072,.00038019518
1994m9,.0011266349,.00012037628,-.00012735241,.00038220178,-.000084643252,.00050633273
1994m10,.0011448889,.000043515036,-.000053388714,.00045140623,-.00013533715,.00053187064
1994m11,.0010560678,.000033347074,-.000053940228,.00049115007,-.00008037821,.00054110197
1994m12,.0012456595,.000029987625,9.1580505e-06,.00043910896,-.000070463444,.00050715334
1995m1,.0011378068,.000032646498,.000013489492,.00039412326,-.000059682283,.00045439895
1995m2,.0010595259,.00001003403,.000021458403,.00046365484,-.00006511942,.00041456314
1995m3,.001080673,-3.8866929e-06,.00004334273,.00042400014,-.00006068002,.00038650306
1995m4,.0010223137,-7.1507916e-06,.000024926876,.00039022163,-.000042593241,.00038650766
1995m5,.00096994342,-9.3090148e-06,.000054055723,.00035972492,-.000050349299,.00041309281
1995m6,.00095918961,-.000050982508,.000082502687,.00040162823,-.000074966207,.00040571243
1995m7,.00094090292,.000012503839,.000029559509,.00047681769,-.00014386362,.00047759133
1995m8,.0009855401,.000071091192,-.000025424026,.00048324396,-.0001652942,.00049392891
1995m9,.00091516232,.000068171888,-.000021507563,.00046422717,-.00012031184,.00053158309
1995m10,.00093840173,.000016334594,-.000040341594,.00048543414,-.000087392094,.00049238006
1995m11,.00093404594,.00010243894,-8.8705292e-06,.00064479653,-.000045243625,.0004602792
1995m12,.00099771086,.000066006636,.000015801777,.00059347402,-.000043983531,.000421695
1996m1,.0009265308,.000065968328,.000020593134,.00052962475,-.000034893215,.00038884365
1996m2,.00089327112,.000031019921,.000023064995,.00057672715,-.00002999181,.00035797671
1996m3,.00084053155,.000044033761,.000014403634,.00055705744,-.000053785592,.00038219889
1996m4,.00079074298,.000046121677,.000017963948,.00051590387,-.000039444083,.00035922704
1996m5,.00077006541,.00011983206,-.000045172426,.00079302065,-.00025914426,.00061381306
1996m6,.00076318171,.00015997731,-.000058688762,.0008215534,-.0002660527,.00057754689
1996m7,.00076547789,.00021857048,-.000068196976,.00091580668,-.00027654506,.00053376768
1996m8,.0012614756,.0004446751,-.00034560537,.0010249999,-.0004038726,.00073515426
1996m9,.0012016116,.00043663071,-.00030904316,.00096532312,-.00036127737,.00064771267
1996m10,.0013229597,.00037639961,-.00041182316,.00085873099,-.00031070059,.00075506867
1996m11,.001203976,.00036237971,-.00039011266,.001052822,-.00048683494,.0010081824
1996m12,.0014704209,.0002042369,-.00031656577,.0011504648,-.00045906962,.00087159721
1997m1,.001399466,.00014866701,-.00027808285,.001142822,-.00039320899,.00075333181
1997m2,.00148923,.000091150396,-.00030818683,.0010513238,-.00032271657,.00071481726
1997m3,.0013632302,.00011435682,-.00033849158,.0010478124,-.0004240954,.00098754873
1997m4,.001633134,.00013236074,-.00045712647,.00091931992,-.00038877036,.0010277241
1997m5,.0016024529,2.7065244e-06,-.00040104712,.0012775174,-.00035055642,.00087814714
1997m6,.0018795688,.00020917575,-.00057619013,.0014461386,-.00048519534,.0010355384
1997m7,.0018182433,.00021943101,-.00047931858,.0012800889,-.00040408937,.00089375966
1997m8,.0021538695,.000096418073,-.0004094308,.0012347136,-.0003587637,.00077112537
1997m9,.0021980577,-.00012487991,-.00039082087,.0018173372,-.00029775623,.00068429654
1997m10,.002211377,-.000037157472,-.00035028858,.0016663531,-.0002600993,.00059900334
1997m11,.0022079577,-2.3523050e-06,-.00035991147,.0014547036,-.00023167969,.00056826248
1997m12,.0020232194,-.000060409246,-.00030121719,.0016314653,-.00022642083,.0005062453
1998m1,.0018076226,-.000050020011,-.00025838023,.0015003098,-.00026177085,.00060408178
1998m2,.001622299,-.000028128212,-.00021556411,.0013267534,-.00021253887,.00058102841
1998m3,.0019395457,-.000018465889,-.00021509109,.001155363,-.00017920118,.00051737227
1998m4,.0019285389,-.000032873286,-.00016569335,.0010234143,-.00015783467,.00046957639
1998m5,.0017220806,-.000018210783,-.00013881245,.00089533877,-.00013363356,.00042643119
1998m6,.0017165531,.00010408252,-.00025526623,.00099740922,-.00026753516,.00061497232
1998m7,.0016139618,.000047014568,-.00027679803,.0010230182,-.0001817884,.00065288862
1998m8,.0015731736,.00018360648,-.0002098726,.0012863254,-.00011708871,.00059893512
1998m9,.004799196,.00098268897,-.00068431196,.0015380011,-.00023831832,.0006734092
1998m10,.0045347605,.00087301043,-.00074473821,.0013372176,-.00021065641,.00079020025
1998m11,.0044479137,.00071649975,-.00076120306,.0013296293,-.00013314142,.00078347139
1998m12,.0042275614,.00067064998,-.000804663,.0011709783,-.00014047051,.0008650535
1999m1,.0040467465,.00059266726,-.00092136633,.0010244155,-.0001150691,.0011009666
1999m2,.0036288293,.00052731298,-.00090860971,.00089704432,-.00011038316,.0012321669
1999m3,.0034525276,.00069783675,-.00080727472,.0012584151,-.00014078819,.0010578093
1999m4,.0031168552,.00058857555,-.00075585285,.0013290725,-.000050538099,.0010390214
1999m5,.0028967226,.0006288056,-.00061728712,.0013709187,.000010501177,.0009603264
1999m6,.0026712208,.00051847158,-.00057074614,.0013550579,.000054481436,.00088284112
1999m7,.0025558288,.00055014825,-.00062909559,.0013035258,-.000024066838,.00099734927
1999m8,.0024684221,.00044146203,-.00051560852,.0012293711,-.000035977599,.0008711135
1999m9,.0022365001,.00041378028,-.00042106587,.0011017763,-.000013171772,.00078894885
1999m10,.0021341408,.00031080368,-.00029692057,.0011119756,-.00009908394,.00089632766
1999m11,.0022508577,.000040956089,-.0003936404,.001666614,.000081845421,.00093959039
1999m12,.0020830343,.00018008897,-.00052528392,.0022105516,-.00028759084,.0015348899
2000m1,.0024443332,.00051734305,-.0010283446,.0026255944,-.00073873368,.0025565252
2000m2,.0025196439,.0003474633,-.00086628099,.0026147256,-.00065675535,.0021237805
2000m3,.0022644922,.00073088973,-.0010271865,.0091821169,-.0028772627,.0035906043
2000m4,.0022518048,.00041432152,-.0007839991,.01216325,-.0036236001,.003833842
2000m5,.0026048955,.00065804966,-.0010882233,.011334861,-.003674479,.0042052399
2000m6,.002616484,.00072225806,-.00098274637,.010101252,-.003136639,.0035154899
2000m7,.0024965035,.0009813885,-.0012013204,.011428606,-.0040175309,.0045661489
2000m8,.0023324625,.00092081807,-.0012215145,.0099366987,-.0037053055,.00469349
2000m9,.0025474478,.00081653171,-.0010904912,.0085595706,-.0030585346,.0038618299
2000m10,.0027067694,.00079964759,-.0011905098,.0073898626,-.0027092781,.0037127768
2000m11,.0025325026,.00079015642,-.00113757,.0065689669,-.0024520974,.0034743287
2000m12,.0038058786,.00097035436,-.0020936625,.0057685156,-.0025628002,.0047272746
2001m1,.0033318764,.00085278577,-.0018266591,.0049749101,-.0022231049,.0046282923
2001m2,.0029937469,.00086777069,-.0016357034,.0048819319,-.0021403024,.0042168014
2001m3,.0040223659,.00089530146,-.0026596033,.0042135618,-.0021606504,.0059227529
2001m4,.0042760507,.00081769348,-.0026522982,.0036320426,-.0018397755,.0054312423
2001m5,.0043591633,.00076631032,-.0025296996,.0031344576,-.001564163,.0048369747
2001m6,.0038026986,.00067891058,-.0021048931,.0027951249,-.0012699405,.0040831701
2001m7,.003410459,.00053782802,-.0017324149,.0029185633,-.0011437536,.0033826826
2001m8,.0030872046,.00057226652,-.001592022,.0028037222,-.0011508117,.0032167078
2001m9,.0033302768,.00042640997,-.001483235,.0025044787,-.00092841813,.0027259581
2001m10,.0041116034,.00087530393,-.0014049119,.002717295,-.00085470913,.002274682
2001m11,.0036276337,.00090680737,-.0014118552,.0031453993,-.0013252771,.0029743356
2001m12,.0037366147,.00080639712,-.0011553122,.0027183746,-.00109739,.0024956907
2002m1,.0032795656,.00075250451,-.00094631262,.0026338578,-.00090866641,.0020734291
2002m2,.0029338901,.00064932619,-.00083848648,.0022932384,-.00074387639,.0018641892
2002m3,.0026904617,.00060240837,-.00074610632,.0020060104,-.00063748914,.0016267903
2002m4,.0025240022,.00066065422,-.00060519,.001985909,-.00051746616,.0013701981
2002m5,.0026505105,.00037070818,-.00069433585,.0022094436,-.00030537459,.0013530559
2002m6,.0023923684,.00038905727,-.00059842598,.0020699056,-.00028719462,.0011680666
2002m7,.0028712386,.0001306959,-.0005111713,.0020407022,-.0002486711,.00098999566
2002m8,.0034767329,.00050552434,-.00021043753,.0021958095,-.000053087813,.0010768903
2002m9,.00304785,.00045686433,-.00017336718,.0019920543,-.000081043465,.00099032093
2002m10,.0041471999,.00025879341,-.0002267144,.0018119138,-.000047840142,.00085852569
2002m11,.0042316308,.00011778065,-.0005135464,.0016966397,.00010618569,.0012515059
2002m12,.0040245424,.00021866709,-.00047289385,.0015889769,.000069327965,.0010826869
2003m1,.0040181247,.00021482779,-.00048377199,.0013802581,.000061468432,.00097474258
2003m2,.0036396503,.0001728957,-.00038133524,.0012269381,.000043802105,.00085387635
2003m3,.0032671208,.0001720681,-.00029020739,.0010725304,.000047396406,.00078562793
2003m4,.0028696603,.00016421256,-.0002499439,.00094890204,.000026837612,.00075954886
2003m5,.0032048239,.0001938401,-.00017252981,.00083498424,.000029144154,.00066760264
2003m6,.0031570329,.00040486825,-.00015949825,.0010556853,9.0686626e-06,.00058678974
2003m7,.0027797602,.00036935986,-.00012721262,.00095512148,.000013537086,.00051918149
2003m8,.0024830913,.00042183866,-.00012084186,.0012302237,-.00005344073,.00049227977
2003m9,.002228749,.00041250253,-.000075058677,.0011657786,-6.2877157e-06,.00049019209
2003m10,.0020245614,.00035769556,-.000052575349,.0010244731,-4.7082094e-06,.00044174967
2003m11,.0021505812,.00045510294,.000038812777,.0010014044,.000038125207,.00044036546
2003m12,.0019170966,.00041823601,.000050444796,.00093716616,.000066872242,.00044074733
2004m1,.0018662676,.00029522064,.00011903526,.00096312357,3.8177045e-06,.00046315268
2004m2,.0016937359,.00030277052,.00013305011,.00094342523,.000044312757,.00045920842
2004m3,.0015268363,.00026534699,.00012325075,.00085997529,.00003896761,.0004152951
2004m4,.0014275374,.00021370448,.00011636396,.00079502148,.000035012126,.00037952061
2004m5,.0013704706,.00025031963,.00019319181,.00076973921,.00010124894,.00048672647
2004m6,.0012469329,.0002250737,.00017236097,.00067877513,.00009132002,.00044463522
2004m7,.0011545543,.00023206424,.00016981702,.00066470297,.00010337717,.0004191531
2004m8,.0013322476,.00041652482,-.000027175915,.00080517691,-.000050174571,.00060200167
2004m9,.0012163718,.00038386698,-.000020811805,.00074879226,-.000049364571,.00053670397
2004m10,.0011220145,.00037910268,-.000016905136,.00078446994,-.000055925564,.0004829563
2004m11,.0010379503,.00034022416,-.000015319931,.00069099135,-.000048133421,.00044676743
2004m12,.0011359573,.00047102626,.000048002566,.00081714767,8.5359188e-06,.00043869787
2005m1,.0011325525,.00042321702,.000038514328,.00071829761,9.2338296e-06,.00040058076
2005m2,.001184968,.00043657867,-.000014602893,.00067143916,-.000013115253,.00040801158
2005m3,.0011023526,.00038381323,6.9739285e-06,.00059824256,-.000016474583,.00040035439
2005m4,.0011008712,.00038724381,-.000019906609,.00056352926,-.000029724375,.00038983882
2005m5,.0011456377,.00050887204,9.8372220e-06,.0007413252,2.1968056e-06,.00036614173
2005m6,.0011557923,.00054319209,-.000019304196,.0007633061,-.000024753454,.00036009698
2005m7,.0010608279,.00049373187,-.000015670024,.00076104014,.000032874283,.00042094517
2005m8,.0011031339,.00053872913,-.00003597308,.00078180677,.000011020015,.00039597595
2005m9,.0010601016,.0004991719,-.00004431761,.00070307299,3.6385502e-06,.00037730642
2005m10,.00097925705,.0004464518,-.000035270088,.00062700204,2.5698348e-06,.00035140899
2005m11,.00099874358,.00043783209,-.000024210694,.0005796905,5.1581046e-06,.00032776329
2005m12,.0010272453,.00041706447,-.000065271815,.00052359991,-5.4928869e-06,.00034484535
2006m1,.00096156442,.00037933057,-.000054043037,.00047146375,-3.4619211e-06,.00032238796
2006m2,.00095961796,.00051004899,-.000024030052,.0008290988,.000046245466,.00031367919
2006m3,.00090485404,.00045959681,-.000010186507,.0007317632,.000045109013,.00030245434
2006m4,.00085259118,.00045943863,-2.7554981e-06,.0008118056,.000049842733,.00028844824
2006m5,.00080106611,.00041611056,3.1211312e-06,.00074328162,.000017046757,.00035713211
2006m6,.00097648427,.00051753322,-.00010315632,.00079506071,-.000045211378,.00040996773
2006m7,.00092053047,.00046652608,-.000092332375,.00070257403,-.000039543324,.00037934279
2006m8,.00088576402,.00050957943,-.00012164506,.00086885138,-.00013839261,.00045422805
2006m9,.00085044088,.00046643082,-.00013329092,.00077226211,-.00013479331,.00047691102
2006m10,.0008146076,.00040945128,-.00011668053,.00071020098,-.00011266474,.00043079213
2006m11,.00084489014,.00041225911,-.00010947445,.00066563085,-.00010280829,.00039429512
2006m12,.00080652611,.00037874855,-.000096219381,.00059662975,-.000090171714,.00036376665
2007m1,.00076194498,.00034275837,-.000080294252,.00054969609,-.00011339147,.00046182709
2007m2,.0007292204,.00031031435,-.000069984424,.00048889068,-.000096850708,.00042050378
2007m3,.0007808276,.00025080345,-.000045272656,.00045814234,-.000088543493,.00038660268
2007m4,.00073963922,.00022898568,-.000035733203,.00041073642,-.000075368298,.00036117336
2007m5,.00079726602,.00015009794,-.000075100885,.00043705595,-.000034640441,.00037003311
2007m6,.00083065219,.00013724693,-.000074092124,.00039246347,-.000028483404,.00034531893
2007m7,.00086765358,.00011045297,-.000020607398,.00036091817,-.000034299832,.00035535914
2007m8,.0010502136,.00023216596,.00017097723,.00042369252,.000076380085,.00054160226
2007m9,.00097076717,.00021069925,.00015825301,.00038139807,.000075483447,.00058606319
2007m10,.00097795913,.00014392754,.00010234076,.00042557274,.00011875942,.00059646432
2007m11,.00092269585,.00013478556,.000072805517,.00038266275,.00010749684,.00066248333
2007m12,.0012289794,.00028595165,.00014391272,.00045070058,.0001346292,.00061554421
2008m1,.0011531069,.00025766288,.00014103876,.00040411897,.00011775471,.0005510514
2008m2,.0016576039,.00031115577,-.000063905776,.00037747313,.000083896397,.00066456437
2008m3,.0016631786,.00029535461,-.000020652169,.00034256,.000077796794,.00060444383
2008m4,.0015270972,.00025782577,-6.7920714e-06,.00032070946,.000065968998,.000536812
2008m5,.0015602296,.00018716736,-.000038972903,.00033629284,.000082024431,.00050530786
2008m6,.0014227374,.00020990708,-.00004526239,.00043933452,.00002649514,.00050436822
2008m7,.0022930717,.00012149631,.00018554412,.00041564569,-2.6944851e-06,.00057439512
2008m8,.0020603077,.000094655836,.00013428579,.00045251771,.00012016293,.00098881416
2008m9,.001842986,.0001165432,.00012771515,.00058225938,.00014363848,.00086771802
2008m10,.0028360893,.00020836534,-.00029720811,.00053771748,.000095083429,.0012926218
2008m11,.0063593863,.00055833306,.000020221843,.00055759266,.00013457015,.0012387222
2008m12,.0063955816,.00068675797,.00028352113,.00063403742,.00027875058,.0016431538
2009m1,.0055586677,.00066295249,.0002461923,.00073892839,.00024364212,.0013788206
2009m2,.0057644276,.00061586517,.00090692117,.0006511659,.00027816449,.0032525708
2009m3,.0064070141,.00058326917,.0012752921,.00057594437,.00026115877,.0035799625
2009m4,.0063708019,.00052809122,.0012516637,.00051196094,.00022322395,.0031111974
2009m5,.0066035115,.00082266342,.0013823365,.00076523481,.00036705995,.0029692752
2009m6,.0059670978,.00069825235,.0011737178,.0007595694,.00032647231,.0024520594
2009m7,.0051800176,.00062866136,.0010194146,.00075855118,.00025414678,.0021695057
2009m8,.0050953608,.00065915298,.001122333,.00072258303,.00028845016,.0021721271
2009m9,.0045154011,.00056982698,.001192213,.00064895803,.00023983594,.0026823196
2009m10,.0040729004,.00057045277,.0010272644,.00065598456,.00021911257,.0022222688
2009m11,.0036881166,.00064942427,.0010077442,.00085586397,.00034508167,.0021727243
2009m12,.0035107958,.00052632403,.00086191593,.00084664789,.0003081022,.0018064427
2010m1,.0031265453,.00061425124,.00073193817,.0012613453,.00028649924,.0015082135
2010m2,.0029460755,.00054113491,.00063592347,.0011002223,.0002428528,.001264851
2010m3,.0026800702,.00049864524,.00061600161,.00097807706,.00023296261,.0011936063
2010m4,.0027419853,.00050702051,.00062047224,.00088400813,.00021849935,.0010611578
2010m5,.0024384309,.00053604197,.00057119812,.001118428,.00029733047,.00099948142
2010m6,.0030454097,.00050862163,.00072007155,.0009767412,.00026432966,.0009703167
2010m7,.0031494249,.00055770093,.00092659763,.00091875525,.0003254741,.0011967676
2010m8,.0032317187,.00051248219,.00080069044,.00080555544,.00027628712,.0010171809
2010m9,.0031975806,.00059849961,.00080550852,.00084490149,.0003022778,.00094927562
2010m10,.0037443892,.0008358488,.00056745921,.00095131696,.00019425771,.0009983005
2010m11,.0033972063,.00075752137,.00045720307,.0008488553,.00015459285,.00097896857
2010m12,.0029793973,.00069648708,.00039941585,.00092925073,.00011104572,.00086031074
2011m1,.0030698949,.00065488426,.00053270091,.00081922958,.00011637768,.0009246422
2011m2,.0027188133,.00057025981,.0004648855,.00081523223,.000095636817,.00079567952
2011m3,.0024914453,.00053658092,.0004228116,.00074597966,.000092241527,.00069663458
2011m4,.0022047197,.00048144025,.00038072959,.00074546936,.000048630533,.00066402799
2011m5,.002016162,.00042037768,.00030176132,.00065915886,.000054910248,.00070904993
2011m6,.001843999,.00038738837,.00031394992,.00059234374,.000066313813,.00070921605
2011m7,.0017221685,.00035211319,.0002915732,.00052673445,.000060354298,.00062446285
2011m8,.0016583181,.0003587355,.0003026746,.00049882027,.000073305491,.00058380223
2011m9,.0020289591,.00054674858,.0004584039,.00058542407,.00015096102,.00063269952
2011m10,.002634088,.00080680469,.00055207004,.00070912298,.00019519715,.00060096383
2011m11,.0036849692,.0010921415,.00048867182,.00078561751,.00016468509,.00053466269
2011m12,.0032372845,.00095046643,.00043485005,.00069231039,.00014579647,.00048504688
2012m1,.0028423774,.00082940608,.00038832662,.00061963679,.00012146668,.00046527555
2012m2,.0027305759,.00081890513,.00030877115,.00060919393,.000085646112,.00045254195
2012m3,.0025739868,.00069398683,.00027295484,.00058725709,.000081139129,.00041038284
2012m4,.0023438334,.00060159911,.00025737943,.00052869169,.000069308531,.00038018182
2012m5,.0021066731,.00053863326,.00024392061,.00047670823,.0000675638,.00036086349
2012m6,.0024453753,.000505395,.0002881106,.00042643759,.000062135703,.00034676006
2012m7,.002286009,.0004700094,.00026506724,.0003900525,.000057078767,.00032396024
2012m8,.0020281516,.00043021562,.00024038322,.00045626322,.000072089868,.00031078354
2012m9,.0018480748,.00038724,.0002387439,.00040998982,.000068894631,.0003103991
2012m10,.0017022756,.00035300807,.00024504325,.00037117751,.000068297057,.00031810018
2012m11,.0016014437,.00034652677,.00015002349,.00035601886,.000020386609,.00047065283
2012m12,.0014421432,.00031055583,.00013757682,.00032560338,.000014870046,.00044476663
2013m1,.001308397,.00028884324,.00014875142,.00032448256,.000061713596,.00056114275
2013m2,.001474914,.00028317663,.00016448836,.0002974362,.000057239751,.0005034096
2013m3,.0013378414,.00025305382,.0001482745,.00027655903,.000052757179,.00045159325
2013m4,.0013488831,.00025823578,.0001202356,.00026255214,.000043687334,.00041437001
2013m5,.0012344038,.00021885615,.00011332228,.00033419899,.000034831111,.00037949567
2013m6,.0011804274,.00023550783,.0001543901,.00034040373,.000068545909,.00042261794
2013m7,.0011253447,.00019756649,.00015081737,.00032587827,.000057744295,.0003887385
2013m8,.0013276319,.00027687009,.00015558783,.00034245243,.00005846491,.00035904531
2013m9,.0013478262,.00024945449,.00025986208,.00031150115,.000051359293,.00048431632
2013m10,.0013375122,.00032302388,.00020080405,.00040034251,8.1048083e-06,.00047215438
2013m11,.0013608304,.00025428948,.00020798981,.00039831339,-1.5523173e-06,.00043453078
2013m12,.0013059453,.00025698703,.00018841315,.00037808742,-6.5244080e-07,.00039507871
2014m1,.0012421705,.00022426782,.00016138381,.0003465132,4.2106135e-06,.00036955476
2014m2,.0013291598,.00018158091,.00025599074,.00032319175,-.000013340183,.00043722554
2014m3,.0013954949,.00017838593,.0002124555,.00029549244,-.000011909825,.00040496679
2014m4,.0012667113,.00017282998,.00020192799,.00032525725,-.00011040418,.00071423216
2014m5,.0011652126,.00021138751,.00017663719,.00055982161,-.00013071037,.00063065003
2014m6,.0010906126,.00017820077,.00015306206,.00055193144,-.00010594026,.00056145067
2014m7,.0010482344,.00021875606,.00012552828,.00061229261,-.00011705478,.00051331258
2014m8,.0010591022,.00032386545,.00012508211,.00080966589,-.000099696328,.00046080086
2014m9,.0011275535,.00030287393,.000090105641,.00071313366,-.000087307526,.00042854008
2014m10,.0011224432,.00038072208,.00012393143,.00084670843,-.000036570269,.00042648963
2014m11,.00107147,.00042982542,.000085822256,.0009941461,-.000098521552,.00045189852
2014m12,.0010291523,.00036629254,.000029491997,.00093611947,-.00004074656,.00058056868
2015m1,.00095926446,.00032485649,.00002034124,.00090923533,-5.9468957e-06,.00056282443
2015m2,.0010672251,.00031457067,.00016363472,.00080250611,.000012639091,.00072484481
2015m3,.0013375744,.00030954304,.000066848916,.00070811925,7.7438926e-06,.00069679396
2015m4,.001256278,.00025309942,.000074328556,.00075128837,-6.9450443e-06,.00061711977
2015m5,.0011467829,.00024294626,.000069979222,.0008001402,-.000037435846,.00057809986
2015m6,.0010579973,.00022454388,.000059246198,.00071287388,-.000040126906,.00055410794
2015m7,.0010369559,.00016450149,.000079411591,.00073732506,-.000057570924,.00051202165
2015m8,.00096719211,.00013548885,.000048119255,.00089865195,.00010706552,.00078004203
2015m9,.0014454188,.0001091058,-.000080663813,.00079068809,.0001029412,.00076263648
2015m10,.0014806374,.00018102345,-.000071874347,.00080060074,.000088923713,.00066171773
2015m11,.0019337386,.000078633093,-.000083898565,.00076296693,.000085905951,.00058216002
2015m12,.0017267866,.000077521589,-.000066663772,.00084949128,.00005739904,.00052741857
2016m1,.0016487186,.00013474702,2.6830173e-06,.00086711731,.00011855044,.00059219584
2016m2,.0019859653,.00030040846,-.000083690044,.00093238999,.000064111402,.00058032881
2016m3,.0017784848,.00026589367,-.000062979387,.00082474557,.000053445561,.0005235158
2016m4,.00206268,.0002859128,-.000016764749,.00073307776,.000052587839,.00047638049
2016m5,.0018374415,.00025687175,-4.9963005e-06,.0006510024,.000063981977,.00056110584
2016m6,.0016578959,.00022857627,-.000014659741,.00057770463,.000064928558,.00056806341
2016m7,.0014972879,.0002039746,2.6986609e-06,.00051666569,.00005188501,.00055520958
2016m8,.0014790685,.00027121752,-.000024236417,.0005730461,.00001796815,.00051980047
2016m9,.0013378431,.00024338285,-.000021291671,.00051907258,.000038384598,.00059000379
2016m10,.0012189485,.00021749272,-7.3840429e-06,.00051445863,.000010410666,.00056479138
2016m11,.0012039202,.00033092132,-.00009189023,.00074979191,-.0001492977,.00072706479
2016m12,.0013086856,.00054166303,.00022289051,.0011068662,.00023619816,.0016551889
