edate,VarCov_mktrf_mktrf,VarCov_expgrowth_mktrf,VarCov_expinfl_mktrf,VarCov_TP_mktrf,VarCov_creditrisk_mktrf,VarCov_expgrowth_expgrowth,VarCov_expinfl_expgrowth,VarCov_TP_expgrowth,VarCov_creditrisk_expgrowth,VarCov_expinfl_expinfl,VarCov_TP_expinfl,VarCov_creditrisk_expinfl,VarCov_TP_TP,VarCov_creditrisk_TP,VarCov_creditrisk_creditrisk
1987m8,.001973547,.00065549073,-.00047717339,-.000011847485,.000074347103,1.4182936,-.16063219,-.00037876953,.00039065175,.56087887,.00013412323,-.00026319383,.00017241015,-.000025115702,.00040517436
1987m9,.0018334846,.002667225,-.00030300612,-.000054237291,.00015634799,.8091166,-.059116848,-.0013144416,.0012779372,.062131241,.000089276029,-.00016204474,.00017037946,-.000056565819,.00035591202
1987m10,.001782549,-.000091350259,.00032611776,.00005478807,.00017152826,.5663116,-.078382641,-.0025635634,.0010597076,.075210199,.0006420025,-.00023792093,.00021326882,-.000062229221,.00029137256
1987m11,.0083188331,-.010158953,.0024414542,-.00080104923,.0025445942,.39849284,-.071159951,-.00061335228,-.002521178,.061360918,.00021107397,.00051449228,.00029067093,-.00036611877,.0011753972
1987m12,.0080530969,-.0055677267,.0013157489,-.00069254683,.0020991263,.47368112,-.09133099,-.00074043713,-.0022339076,.063676827,.00021884644,.00037890641,.00026025655,-.00030508603,.00092496187
1988m1,.0073455563,-.0022678806,.0012482866,-.00055942411,.0016972846,.37579346,-.079268791,-.00047737602,-.0015696853,.062097907,.00029435277,.000095173549,.00023869569,-.00026093796,.0007363098
1988m2,.0064689941,-.0025147144,.00049850385,-.00040033922,.0013859823,.39940026,-.079054087,-.0020018721,-.00025591074,.066205963,-.00010727425,.00017404032,.00028224027,-.00026079855,.00063750893
1988m3,.0057638711,-.00079628028,-.0003718581,-.00032265982,.0011604385,.27975559,-.079100676,-.0014490393,.00019550356,.075266816,-.00012412836,-.00014533591,.00025538748,-.00021725777,.00052146183
1988m4,.0051154448,-.00061440258,-.00010906035,-.00022970115,.00093713205,.2596494,-.07989873,-.0015455303,.00036212249,.070562154,.00021765522,-.00024128931,.00025230393,-.00018703034,.00041567901
1988m5,.0044438359,-.00034818077,-.00027245277,-.00018990639,.00076623121,.44787496,-.100917,-.0025639597,.00095143617,.059949264,.00030374012,-.00029919337,.00023738084,-.00016617119,.00034169469
1988m6,.0038860764,-.00019559315,-.00030457662,-.00014583606,.00063011813,.34672582,-.096092865,-.0024405341,.0010560505,.062660262,.00045468746,-.00039761656,.00022877767,-.00015295758,.00029034319
1988m7,.0035607591,.0017397099,-.00086317846,-.000061484032,.00050214789,.33198795,-.096693769,-.001368085,.00055976625,.06118653,.00020913417,-.00026832614,.00023148242,-.00015097077,.00026131721
1988m8,.0031696879,.00045113487,-.0042949528,-.000032383025,.00041915101,.4435454,-.095031664,-.0023364341,.0012494619,.3342739,-.001317283,.00060527492,.00022434814,-.00014365235,.00023434043
1988m9,.0029886696,-.0011149682,-.0044777156,-.000019277204,.00039414689,.3685523,-.072413348,-.002067755,.00079316978,.21283148,-.00090430555,.000073673531,.00020548828,-.00012372936,.00020572478
1988m10,.0026883062,.0025856278,-.0024077508,.000012272231,.00031778798,.73723328,-.0624221,-.00024015467,-.0013553472,.13757779,-.000068898902,-.00053990248,.00020826966,-.00014577039,.00023557176
1988m11,.0023689517,.0024599421,-.0019654492,-3.2297089e-06,.00029333937,.63169116,-.054266714,.00039210488,-.0012002027,.13146982,.0003820757,-.00070141681,.00020096413,-.00013516478,.00021059364
1988m12,.0022166092,-.00019796024,-.0021731996,.000055999019,.00023729383,.55824107,-.047766972,-.0012773698,.000025037341,.093219727,-.000075303564,-.00033828508,.00021344329,-.00013807566,.00020111116
1989m1,.0019688294,.00050057849,-.0017162556,.000025746733,.00022699358,.37376943,-.045364186,-.0011570333,.000044372842,.096271433,-.000075776603,-.00042754557,.00019531518,-.00012014802,.00017852904
1989m2,.0020579726,.010042582,-.00019499766,.000041089334,.00018897887,.91865623,-.047499001,-.0006424376,-.00041141873,.086057238,.00012509339,-.00047154681,.00018173586,-.00011002183,.00016269373
1989m3,.0019479729,.0045180004,-.0020775998,.00007924869,.0001582457,.44824576,-.045007396,-.0012044492,.00028695902,.14643382,-.00063312217,-.000086042601,.00018946566,-.00011519097,.00016180251
1989m4,.0017403876,.0035575575,-.0015112259,.000045549594,.00016257449,.33660576,-.04451929,-.0010708859,.000018028823,.13665517,-.00044280401,-.00048109723,.00017429043,-.00010371376,.00016200769
1989m5,.0016895691,.0013408437,.0018718961,.000078202938,.000069851172,.36066732,-.13719565,-.0017161769,.0014865516,.37496415,.0011037214,-.003623879,.00017653494,-.00014395222,.00025909761
1989m6,.0015811914,-.0026098094,.0017076277,.000092055074,.000071489878,1.0115312,-.22143668,-.0051005697,.0041071372,.21339689,.0012864883,-.0027099377,.00018490184,-.0001491328,.00025418264
1989m7,.0014836985,.00093266339,.0001543496,-.000016031394,.00016977474,.89936101,-.18837096,-.0062038624,.0052904096,.13252336,.0014972285,-.0024046439,.0002285662,-.00019334059,.00030306782
1989m8,.0017874481,-.0090538431,.0025091763,.000071976618,.000041897754,1.3633274,-.27980745,-.0080357268,.0082228193,.14707948,.001777458,-.0028440631,.00022437882,-.00020243286,.0003325732
1989m9,.0016016054,-.0062692985,.0016580336,.000032360142,.000092690629,1.1179317,-.24164255,-.0037593346,.0048623765,.11740103,.00069126097,-.0017416802,.00025312984,-.0001994496,.00030266869
1989m10,.0014738998,-.0022219431,.00053629006,.000018906307,.00016621778,.49842507,-.15737134,-.0021595859,.0036088696,.10426689,.00050431374,-.0019044096,.00022904102,-.00017500405,.00033068025
1989m11,.0015766957,.0028004895,-.0020162314,-.000093319279,.00047723774,.62575114,-.22675261,-.0036517656,.0081391325,.15224217,.0013569436,-.0044292971,.00023918794,-.00028012265,.00068048696
1989m12,.0014189157,.0025325294,-.0014772214,-.000081876577,.00041087749,.6852988,-.20520867,-.0034165585,.0071231797,.10882726,.0010209854,-.0030947467,.00021698925,-.00023598828,.00055057846
1990m1,.0012845418,.002044182,-.0013195536,-.00007371157,.00035505657,.62393755,-.22071318,-.0024045417,.0056887083,.13107032,.00072185195,-.0027968867,.00019985816,-.00019469702,.00044697215
1990m2,.0020597237,.010516312,-.016806493,.00016077141,.00040584611,.70773935,-.49642974,-.00017726443,.0055785659,.5858134,-.0023787802,-.0053091133,.00022243927,-.00013951852,.00038463966
1990m3,.0018317847,.01245449,-.0077225012,.00011377413,.00037681745,2.0907078,-.4335762,.00066490908,.012759307,.17658547,-.0010943902,-.0029868663,.00020447122,-.00012245052,.00041855036
1990m4,.0016455792,.0087357992,-.006190924,.000069960399,.00034052855,1.9086483,-.45557144,.0010820928,.008402803,.19673587,-.0011394684,-.0021369192,.00019140223,-.00011908733,.00035142989
1990m5,.001691532,.0070880242,-.0068370616,.0001178775,.00025677157,.77765685,-.29438767,.0011191807,.003799296,.19701588,-.0014867143,-.0012446727,.00019761655,-.00012949375,.00031715573
1990m6,.0021571454,-.0053427359,-.0020184615,.0002448225,.000099005309,1.4861224,-.47632778,-.0029443284,.0076632896,.24856137,.000010721902,-.0023222843,.00021804892,-.0001645149,.00033981845
1990m7,.0019627539,-.0014346751,-.0024129576,.00016232561,.00013408596,1.1706429,-.38886502,-.0032183588,.00554787,.20460607,.0004273442,-.0017755672,.00020498275,-.00014397001,.00028062731
1990m8,.0018422663,.0043395613,-.0037918577,.000097145581,.00013585022,1.9100245,-.56128585,-.0045156097,.0041919095,.24866684,.00075959106,-.0012120066,.00019003931,-.00012292253,.00024275671
1990m9,.0030621877,.036967527,-.02427954,.00031659138,.00055381714,3.7287896,-1.5226877,.0010554964,.014022819,.86785889,-.0025701777,-.0072697941,.00021176915,-.000045337496,.00036585529
1990m10,.0032628353,.071515217,-.034369431,.00022691561,.0010224439,8.8419495,-3.069289,-.0009685948,.049380843,1.4400094,-.0019006412,-.018694852,.00019384755,-.000089901536,.00092648668
1990m11,.0029542579,.078801192,-.045362297,.00013736906,.00099984708,12.844554,-5.5814342,-.0063458639,.061268028,3.2083988,.00081632723,-.029391021,.00018621885,-.0001319398,.00096542115
1990m12,.0029301066,.040575124,-.024035532,.00017460744,.00078301743,7.8792801,-3.323642,-.008329384,.0411232,1.8816561,.0023874228,-.019371625,.00019183043,-.00014727865,.0008043109
1991m1,.0026011185,.030973053,-.016076755,.0001340122,.000646186,9.7912617,-3.3189638,-.011406225,.035240818,1.518586,.0029376261,-.013692385,.0001831969,-.00013726696,.00062804978
1991m2,.0024543072,.013343934,-.0078024594,.00010861348,.00053426059,8.4374914,-2.5384536,-.010555223,.025584135,1.0390385,.0025231724,-.008924461,.00017079232,-.00012653197,.00049530144
1991m3,.0026152176,-.0035956637,-.0012668838,.000067499786,.00097385957,5.7843657,-1.5675386,-.0074781035,.0069495183,.58531493,.0015937324,-.002714779,.00015827516,-.00014609535,.0010114864
1991m4,.0023390907,-.0019295135,-.00046988571,.000037101428,.00087133306,1.6396544,-.38427934,-.0035355934,.0020426137,.12805976,.00064899767,-.0008744509,.00014763554,-.00014366655,.00091881421
1991m5,.0020876818,.001059265,-.0010445018,6.0979296e-06,.00071203499,1.6807438,-.40218452,-.0040253378,-.00032723116,.13639985,.00080281228,-.00025200326,.00014131409,-.00012441979,.00079257198
1991m6,.0019382293,-.0016303615,-.00013424866,-.000012486064,.00057154946,1.2609543,-.32813478,-.0028538485,.0007959549,.12182189,.0005944015,-.00047925444,.00013334026,-.00011651013,.00062470126
1991m7,.0021268341,.0020431164,-.00055451528,.000031099225,.00039416162,.51291168,-.14259912,-.0013401558,.0001051839,.059058614,.00032659655,-.0002824745,.00012996759,-.00012280744,.00054195273
1991m8,.0020128291,.00088262127,.0013224558,.000039176681,.00037610054,.29249856,-.16694759,-.0011188736,.00015374189,.16926599,.00096062379,-.000078213037,.00012720595,-.00010673756,.00043719701
1991m9,.0018128603,.00095892308,.0010773605,.000046668025,.00032781312,.24664791,-.13045317,-.0008756087,.00027644591,.13191013,.0012485612,-.00035868972,.00014838595,-.00010671208,.0003605409
1991m10,.0016949844,.0018390797,-.000013915293,-.000023832874,.00033886687,.27721766,-.11586916,-.0013393513,.00075834006,.089806981,.0011539672,-.00056138611,.00016096196,-.00012038679,.00032631806
1991m11,.0015211982,.0019064602,-.0001028552,-.000026793383,.00031932959,.85258383,-.22091322,-.0025175747,-.0017926452,.10388346,.0011378201,-.000046735171,.00015135464,-.00010467357,.00032501703
1991m12,.0016754559,.019073542,-.0021361886,-.00006515612,.0002985902,2.5619743,-.41253993,-.0050379094,-.00066791946,.11680079,.0011700953,-.00024527716,.00014430974,-.000098118202,.00027023975
1992m1,.0026234614,-.014542892,.0026231688,.00027871033,-.000032764823,5.4397626,-.72853845,-.015947869,.010094094,.158136,.0023764479,-.0016965674,.00021299839,-.00018757058,.00036758353
1992m2,.0023405196,-.0064861211,.0011663773,.00023617291,-.000026199757,3.4035575,-.44375762,-.0083617643,.0003593968,.093590267,.0012174149,-.00034631629,.00022610357,-.00028367364,.00071137422
1992m3,.0020716053,-.0040075844,.0007884418,.00017502216,.000053553635,2.7825434,-.43666926,-.0065458925,-.00059843936,.10801227,.0010812667,-.00012897416,.00020532924,-.00023782511,.00057990267
1992m4,.0019909057,.00028474376,.00028646149,.00015830058,.000063748696,.84080535,-.16826397,-.0028041578,-.00053662236,.055609472,.00066621444,-.00015894264,.00019540513,-.00021590163,.00050226226
1992m5,.0017728958,.00047490161,.000080916019,.00011081539,.00011252983,.48581952,-.13298048,-.0020337079,1.6923940e-06,.060539052,.00062178966,-.00023445227,.00017972128,-.00018153116,.00040093495
1992m6,.0015913884,.0011236031,-.00020595593,.000060925733,.00015442249,.47765332,-.13721706,-.0026545064,.00088832411,.065440856,.00076114136,-.00043933015,.00018430331,-.00017294743,.00035354478
1992m7,.0015560831,.0034908685,-.0013199984,-6.7691708e-06,.00019687111,.49368116,-.16187909,-.003000766,.0013222976,.08562883,.001004272,-.00064896833,.00017980466,-.00015567846,.00030031896
1992m8,.0014922922,.0016841347,-.00092601246,.000055422497,.00016339395,.30965805,-.10135636,-.002554666,.0012533092,.055430464,.00069039798,-.00049131468,.00020664679,-.00015940136,.00027590399
1992m9,.0014744699,.0062427744,-.0005148768,8.2411098e-06,.0001655021,.64898092,-.12354457,-.0036227191,.0013108256,.059739001,.00054745434,-.00046560826,.00019221412,-.00013612144,.0002320463
1992m10,.0013321543,.0044604596,-.00053670339,-1.0738262e-06,.00016895679,.51845682,-.12637226,-.0034125547,.0013901857,.069473647,.00071032904,-.00055127032,.00018761176,-.00012577372,.00020503077
1992m11,.0012099849,.0061971238,-.00058165216,-.000012251827,.00016935014,2.5726907,-.29957461,.00099479046,.0019128862,.07966885,.00021896318,-.00049527601,.00019738841,-.00011004791,.00017918355
1992m12,.0012213897,.0019024103,.000095487987,-.000037455418,.00020647875,.36936158,-.10932504,.00016622915,.00065570493,.074451864,.00012906194,-.00024932908,.0001828625,-.00010617851,.00017583356
1993m1,.0011191115,.0021166927,-.000080724982,-.000027859662,.00018969286,.40258718,-.096956573,.00061296852,.00012431077,.055143137,.00013947462,-.00023958305,.00018460896,-.00011485351,.00017947772
1993m2,.0010279376,.002092818,-.00021533166,-.000030512285,.00018087632,.51179922,-.12279154,.0015674517,-.000016288419,.06426923,-.00011167074,-.00020328656,.00019849493,-.00010910165,.00016312928
1993m3,.00095784978,.0013001057,-.00079431734,-.000049235063,.00018525876,.49963149,-.12098704,.0019730488,-.00043884269,.11184542,.00066589954,-.0007006973,.00020658769,-.00011693933,.00016372956
1993m4,.00091095566,.00072180969,-.000091221576,-.000045422992,.00019828884,.28872505,-.11669757,.0010241921,-.00034377945,.15806714,.00067965459,-.00012635444,.00018874128,-.00010695651,.0001708632
1993m5,.0010343103,.00039041581,-.0027151415,-.000067640809,.00020696303,.24958351,-.11638501,.00061987387,-.00016299137,.19647856,.00091075542,-.00050401571,.00017566873,-.00010076202,.00015911358
1993m6,.00099806837,-.0012037959,-.0012471749,-.000069570764,.0002141493,.49172539,-.12452459,.0007733081,-.00082982291,.094123051,.00047814276,-.00019037146,.00016374372,-.000097800963,.00015886518
1993m7,.00092929445,.00022065939,-.0013557476,-.000074278338,.00020937364,.9590326,-.20454435,-.0024857807,.0010554708,.10394344,.0010292738,-.00058051961,.00018368501,-.00011331779,.00016654616
1993m8,.00088501861,.003843751,-.001214792,-.000069705879,.00019317851,1.9442095,-.24585825,-.0035840746,.0016060612,.072356358,.00076823996,-.00045596037,.00016997357,-.00010223652,.00015083184
1993m9,.00091578823,-.00085979799,.000098032622,8.3393606e-06,.00010773808,1.6945971,-.32472441,-.005414512,.0046103247,.12566559,.0016484652,-.0016224962,.00018870851,-.00014784615,.00022284134
1993m10,.00086749298,.0008806418,-.000050323877,-3.4048339e-06,.00011982536,1.0722073,-.16739114,-.0038155233,.0031823828,.056083765,.00092471787,-.00089471944,.00017359883,-.00012845013,.00019311646
1993m11,.00081535225,.00054287876,.00014302497,-.000010566338,.0001334667,.63136876,-.23315859,-.0026211624,.001550568,.18181437,.0012559535,-.00045646538,.00016072756,-.00011456215,.00018772323
1993m12,.00086137222,.0015603936,.00021152354,.000035979414,.000084246516,.35756823,-.10453149,-.0012710051,.00061708014,.06786947,.00076017418,-.00041786444,.00016563377,-.0001292442,.0002090959
1994m1,.00081329589,.0032892297,-.00017304893,.000019916559,.000099111727,.91791928,-.20815063,-.0015480206,.00083362701,.093725882,.00071156677,-.00043297181,.00015395069,-.0001134773,.00018216757
1994m2,.0008088118,.0038380006,-.00060470973,.000034506265,.00010390642,.65030026,-.16095342,-.00050021923,.00058711099,.075649224,.00034870263,-.00033275562,.00015389702,-.00010216449,.00016293855
1994m3,.00090472569,.0011459748,-.0003220712,.00012248618,.000054262804,.3838273,-.1074909,-.0013290481,.00099290407,.056964818,.00038867616,-.00036329014,.00019294882,-.00012769595,.00017997116
1994m4,.0012225262,-.00057810993,.00046557171,.00023973908,.00012124564,.29896009,-.10202979,-.0017175179,.00063574209,.064294539,.00069589925,-.00026670189,.0002315841,-.000094899311,.00016926977
1994m5,.0011171451,-.00027278019,.00032276774,.00018481529,.00013358641,.27237841,-.10951857,-.0017024002,.00037341111,.080728218,.00088949403,-.000032157302,.00022023702,-.000079329606,.00017397077
1994m6,.0010278623,-.00019465915,.00023459292,.00013810453,.00013689639,.37265304,-.14814718,-.0019923274,.00041989883,.10136463,.00095610734,-.00008014265,.00020226646,-.000076420198,.00015621791
1994m7,.0011323497,-.0021461349,.0014913845,.00012431154,.00012926252,.39613754,-.16852197,-.0021212432,.00058619492,.11854359,.0010527562,-.00022138817,.00018816211,-.00007568398,.0001435434
1994m8,.0010792119,-.0010752683,.00049813476,.00011500942,.000085203901,.25169194,-.10717964,-.0014653213,.0004506167,.078655891,.00047776848,.00025858395,.00019022186,-.00012483564,.00025259278
1994m9,.0011010802,.00023895188,-.0003619091,.000066728819,.00010848494,.27599114,-.11040051,-.0014919249,.00055027701,.075439818,.00048590137,.000077496727,.00017594676,-.00011191143,.00021534816
1994m10,.0011349465,-.00041188911,.00047606655,.00010865065,.000071839349,.27414212,-.12015238,-.0017757538,.00094852044,.090347566,.00095698447,-.00042001216,.00019033944,-.00013217427,.00022944451
1994m11,.001043165,.00028933096,.0001216126,.000072618786,.000092953705,.48882127,-.14621148,-.0023988669,.0010980488,.075602278,.00081831793,-.00037086607,.00017691893,-.00011650666,.00019731441
1994m12,.0012495961,-.0021800476,.0018972966,.000085042455,.00017990654,.408021,-.16328517,-.0022463067,.00032820069,.10941082,.001039275,.00002927447,.00016711786,-.000098309982,.00020151208
1995m1,.001139508,-.0015694558,.0013701203,.000056117249,.00017342181,.5120464,-.1987749,-.0020288865,.00029850274,.12328933,.00085169106,-2.3237985e-06,.00015523049,-.000090836569,.00017724937
1995m2,.0010535656,-.00054049556,.00056240568,.000046359233,.00016069951,.27229503,-.10903476,-.001122887,.00014693385,.071229443,.00035674919,.00008421408,.00016002035,-.00010473155,.00018627278
1995m3,.0010541552,-.000099285207,-.00063109637,.000077303994,.0001502622,.24572892,-.11647272,-.00095650094,.00023663306,.10123264,-.0001936725,.000060880739,.00017042537,-.000096133786,.00016609051
1995m4,.00098968681,-.00094606954,-.0012125277,.000051859937,.00015136965,.45875144,-.1238135,-.0012693431,.00026136282,.12797394,-.00013753821,-.00010051925,.00015804257,-.000088544693,.00015061533
1995m5,.00093269639,-.0024266066,-.00099346368,.000041798565,.00015167671,.92917758,-.10778869,-.0028004793,.00020010685,.071294539,-.00013146662,-.00014842121,.0001525556,-.000080418336,.00013925586
1995m6,.00091214757,-.0039241631,-.0016424167,.00010254738,.000099189507,1.0078692,-.10076694,-.006160147,.0032113355,.093773477,-.0010731823,.00052208593,.00024570717,-.00016722339,.000216464
1995m7,.00088691991,-.0065140533,-.0018475028,.000076082913,.00009918282,1.5926329,-.094524249,-.0065349662,.0041737691,.090602323,-.0008278265,.00044470918,.00022261107,-.00014679124,.00019498204
1995m8,.00091741246,-.0079197874,-.0045902887,.000024349429,.00015483085,1.4127576,-.068060234,-.0042572645,.0018175953,.22694884,-.00024342192,-.00059257931,.00020869711,-.00014282079,.00020082324
1995m9,.00085749681,-.002800999,-.0033349872,7.4899976e-06,.00016742545,.34020588,-.049705468,-.0019720991,.0010867437,.20705329,-.00037246541,.00014005504,.00019415945,-.00014164812,.00022227946
1995m10,.00087034178,-.00077154033,-.0029668054,.000010783969,.00014545894,.34711546,-.06806612,-.0015709874,.00076418847,.13440695,-.00029664009,.00013401471,.00018000226,-.00012687303,.00019765196
1995m11,.00088574341,-.0010934146,.00029434598,-.00003233803,.00017971067,.29729021,-.17032655,-.0010256666,.00039074593,.61791641,-.0020148163,.0017741722,.00017547586,-.00012662716,.00019604978
1995m12,.00093231665,-.0031377904,-.00069531135,6.3139673e-06,.0001213353,.44557232,-.10456841,-.0019529141,.0016621379,.17945583,-.0010226844,.00099232886,.00017155813,-.00013368129,.00021452231
1996m1,.00086841476,-.0017323912,-.00075835723,-2.6799087e-06,.0001279353,.28791022,-.10199066,-.0012141338,.0010502607,.18608224,-.0011295701,.00089156907,.00016623855,-.00012260809,.00019252526
1996m2,.00083333225,-.0057549323,-.001182805,-7.4691620e-06,.00014153135,1.4638454,-.086400904,-.0024286052,.000010563024,.15560937,-.00080403802,.00033551198,.00015465057,-.00010807211,.0001764903
1996m3,.00078540482,-.0026044778,-.0014293478,-.000024939132,.00016455652,.50632441,-.062965006,-.00048236133,-.00060028752,.20606199,.00072608609,-.0010776365,.0001964234,-.00016789496,.00025461579
1996m4,.00074342015,-.0016020647,-.0011033476,-.000023533645,.00015837034,.50340366,-.055797096,.00013118617,-.0003402525,.18001027,.0010679095,-.00089167367,.00019439745,-.0001439638,.00021615012
1996m5,.00072100922,-.00038337387,-.0011369854,-.000040698626,.00016049106,.35997173,-.060223449,-.0004535976,.000092364731,.11516684,.00097925274,-.00074828323,.00018841118,-.00013116554,.00019267539
1996m6,.00071051577,.00015170887,-.00068720616,-.000049841885,.00016254027,.26136449,-.044340417,-.00055650098,.00024788352,.056597974,.00057963404,-.00045655679,.00017647634,-.00011905159,.00017459701
1996m7,.00072925776,-.00079481228,-.00016315583,-.000067103043,.00020169864,.33824205,-.075570151,-.00030441175,-.00035993665,.077795126,.00038579892,-.00013358876,.00016848436,-.00012401321,.00019754305
1996m8,.0012456636,-.010451781,.0017388855,-.000036101312,.00016444735,.74784869,-.14647885,-.00090346177,-.000024182727,.090380296,.00043582503,-.00021331008,.00015672213,-.00010979888,.0001737947
1996m9,.0011734874,-.0050096256,.00090192555,-.000048588478,.00017985304,.30165976,-.082432829,-.00075349736,.00027506636,.063083112,.0004043215,-.00030337213,.00015017486,-.00010777916,.00017294766
1996m10,.0012642347,-.0029993674,.00027576339,7.2774924e-06,.00015642022,.26272523,-.077920146,-.00051264704,.00025786512,.058662619,.00024129817,-.00025469327,.00015211455,-.00010102193,.00015862891
1996m11,.0011520138,-.0021182462,.0001245115,-4.2018728e-06,.00016906847,.24748781,-.088540673,-.00042491575,.00017280519,.077823818,-.00018082,.00029279088,.00016767367,-.0001460377,.00024001361
1996m12,.0013781467,.00078318332,-.0011387663,.000061059553,.00013525385,.32262421,-.1075706,.000015755595,.000041279964,.078090072,-.0003481546,.00025672285,.00016904762,-.00013372621,.00021261266
1997m1,.0013301725,.00057706848,.000091636895,.000078395598,.00010040814,.25218433,-.12877533,-.00029743841,.00034282907,.15989308,.00059184147,-.00095743668,.00017518795,-.00015387122,.00025183259
1997m2,.0013953011,.0023841809,-.00072537607,.000037500995,.00012482477,.30916342,-.10900163,-.00060408254,.00051404035,.085047089,.00045214538,-.00063702581,.00016309175,-.00013309452,.00021468807
1997m3,.0012878535,.0012750552,-.00043978932,.000025340667,.00012664343,.5075497,-.13342398,-.0011271066,.0011666841,.073031165,.00043514316,-.00061358116,.00015266659,-.0001192499,.00019289303
1997m4,.0015834909,-.0018783817,.0026406934,.00011680734,.00013475226,.41561809,-.17859231,-.0018022929,.0009537412,.14841849,.0013757033,-.00070259254,.00016273234,-.00010236058,.0001701157
1997m5,.0015340081,-.0001810719,.00079937343,.00011184128,.00011614391,.30423528,-.14710279,-.0011131841,.00051322673,.1335922,.00073408248,-.00028970485,.00015904497,-.00010376685,.00016797647
1997m6,.001766858,.0011075767,-.0026445638,.00010312931,.00015896585,.26284239,-.16280776,-.00092401431,.00058201182,.19882135,.00050406874,-.00062400306,.0001495761,-.000092281858,.00015549287
1997m7,.0016949553,.006719341,-.0036893783,.0000925739,.00015135034,.84562087,-.30940652,-.000079935598,.00024773518,.20666245,.00011725917,-.00040949095,.00014397418,-.000087662971,.00014442227
1997m8,.0019867739,.015432195,-.0071178325,.00022327196,.00002630752,1.2317234,-.43940201,.0031697871,-.0025336,.25991592,-.0013180167,.00078745646,.00018350552,-.00013677255,.00019808873
1997m9,.0020684937,.0070121312,-.0032732817,.00023685591,.00002322629,.85064793,-.37702346,.00073732069,-.00074596092,.26890534,-.00017827698,-1.2177140e-06,.00018729801,-.00013387151,.00018859726
1997m10,.0020609216,.011354594,-.0037694464,.00021929745,.00004197525,1.0567132,-.34787598,.0015171674,-.00099879876,.18088351,-.00038869109,.000074545882,.00018148654,-.00012328198,.00017204843
1997m11,.0020922015,.0043935236,-.0014248934,.000099618432,.00013770745,1.0510305,-.3009105,.0021868243,-.001796129,.13404332,-.00056420552,.00030688575,.00018104716,-.00012731468,.000178795
1997m12,.001906376,.006555947,-.0019580214,.000067448076,.00014741528,1.2244071,-.32783833,.0015281227,-.0013206828,.13339245,-.00038787641,.00017677789,.00016701885,-.00011244983,.00015989959
1998m1,.0017020343,.0042478191,-.0023753275,.000042792657,.00015440508,.62355512,-.30489534,.00092542585,-.00084424519,.2351355,-.00069277681,.00042923642,.00015789962,-.00010484564,.00015110272
1998m2,.0015333646,.0032874988,-.0018836804,.000011150176,.00016109935,1.0769329,-.58766288,.0021626209,-.00082795549,.46806186,-.0017080312,.00046192438,.00015652373,-.000095789866,.00013963913
1998m3,.0018058189,.01002402,-.003176406,-.000058740417,.00016150948,1.082208,-.39170662,.00043712591,-.00039011787,.21040365,-.00057895441,.0001357838,.00015093258,-.000087418652,.00013054976
1998m4,.0017809364,.0087780459,-.0073785689,-.000064149965,.00016874232,.6577732,-.43529746,-.00012517189,9.6882900e-07,.44480982,-.00027503527,-.000094747076,.00014171388,-.000081832324,.00012393268
1998m5,.001593915,.0070183314,-.0042298874,-.000058808524,.00017261384,.69260556,-.31177786,-.00037973563,-.00044497102,.2171796,-.000068130612,.000081300292,.00013353226,-.00007773246,.00012674765
1998m6,.0016196155,.00198721,-.0014324385,-.000084679261,.0002296789,.76396751,-.34661335,.000067239183,-.0013013212,.23629975,-.00032148536,.00057792279,.00012948409,-.000083891966,.00014225417
1998m7,.0015124058,.0062771114,-.003632057,-.000052672513,.00019766735,1.3665366,-.62144482,.0010813886,-.0022456609,.40132535,-.00089445588,.0010470343,.00012722012,-.000084834523,.00014140883
1998m8,.0014978554,.0020616278,-.0010730913,-.00003563083,.00017873351,.51390105,-.28572482,.00017435323,-.00082677999,.23126647,-.00032310872,.00041252954,.00012194578,-.000079985613,.00013299538
1998m9,.0046847016,-.0096695088,.01393187,-.00049620721,.001575457,.51686257,-.37697712,.0015066637,-.0052648098,.4012554,-.0022881401,.0065270034,.00015915868,-.00026827108,.00073074794
1998m10,.0043841149,-.0097713592,.0078459457,-.00033096099,.0014321372,.53001291,-.26153854,-.00056379632,-.002832938,.27928308,-.0024025063,.0057667596,.00019414467,-.00030869941,.00083838659
1998m11,.0042553223,-.0057889591,.0035751937,-.00031415914,.0011756975,.26217243,-.21454509,-.00044269257,-.0013662191,.46867532,-.001657381,.0054764999,.00018237429,-.00025264567,.00065675919
1998m12,.0040113516,-.0049204677,.00027675272,-.00028176708,.0011123898,.25596002,-.16453154,-.00046423051,-.0011817894,.30644736,-.00080313632,.0026797201,.00016954924,-.00023297087,.00062791753
1999m1,.0038100583,-.0029416124,-.0012542962,-.00024654198,.00089882832,.25856704,-.12690794,-.00058471318,-.0008161912,.16306621,-.00034028757,.0015142062,.0001575916,-.00019450361,.00050410198
1999m2,.0034012648,-.00013051553,-.0033474688,-.00020005245,.00073044578,.59967375,-.31286669,-.00064891129,-.001060258,.32050744,-.00040531324,.0016317363,.00014729641,-.00016548384,.00040657772
1999m3,.0032687581,-.0056455391,.00002996729,-.000011294853,.00057690538,.98594803,-.47764078,-.0048846141,.00072661159,.40249544,.0019621493,.00042169722,.00021083518,-.0001662384,.0003590163
1999m4,.0029359299,-.0017745504,-.0018198246,-.000021799886,.00048390671,.40511099,-.2975257,-.002754343,.00047148828,.3826986,.0016228955,.00026786778,.00019234665,-.00014337503,.00029471773
1999m5,.0027109357,.0040440839,-.0026489531,-.000034745684,.00045150673,1.0213913,-.36585125,-.0036209598,.0021140724,.23100764,.0011426293,-.00028142406,.00017684166,-.00012870459,.00026116348
1999m6,.0025217743,.00064768415,-.00065556809,9.3337821e-06,.00038175829,.79106277,-.32810774,-.0037615981,.0017687678,.22889984,.0015861087,-.0004307006,.00017840168,-.00011549301,.0002217611
1999m7,.0023934613,.0027340213,-.0027974285,-.000031460317,.00033062868,.50398529,-.26843628,-.002909516,.0011882518,.23646261,.0016327258,-.00038637812,.00016802608,-.00010260406,.00019180877
1999m8,.0023414993,-.00084591162,.0013226543,-.000010066423,.00028369072,.57131726,-.40588868,-.0030110741,.0013108595,.45654401,.0022642212,-.00078586681,.0001581106,-.000094957781,.00017054612
1999m9,.0021348374,-.0022478588,.0017699747,-8.5109186e-06,.00030552977,.65575242,-.38188258,-.0030771052,.000064879416,.34354943,.0018550286,.000067338391,.00014889346,-.00008359096,.00018467262
1999m10,.0020584695,-.0056619402,.002448845,-.000033779561,.00039217289,.8503325,-.36419711,-.0025045117,-.0021722361,.23805572,.0011305249,.00085432641,.00014050721,-.00009361461,.00024486679
1999m11,.0021381096,.00068087637,-.00021867172,-.000058698748,.00026111904,.69024515,-.24681085,-.0022705228,-.0025175926,.13483775,.00082089519,.00082404708,.00013339541,-.000084922707,.00026125336
1999m12,.0019654904,.0053075277,-.0021748603,-.000074844029,.00026539835,1.2755101,-.46485713,-.0037421049,-.0010357049,.24291204,.0013712987,.0002123419,.00012995368,-.000085721615,.00023037457
2000m1,.0022767645,.0083241807,-.0046333335,-.00016333413,.00029605179,.76663953,-.32596135,-.0033161445,.000029401177,.20034041,.0015243264,-.00022970269,.00013429869,-.000087828455,.00020636279
2000m2,.0023894245,.00060834468,-.00061738834,-.00012203042,.00031210345,1.0834414,-.48380533,-.0035321272,-.00054688624,.30271873,.0016327624,.00010299966,.00012757289,-.000081033359,.00018766378
2000m3,.0021388624,.0029284763,-.0012499177,-.000083803949,.00027048518,1.2593467,-.4378438,-.0016666311,-.0020587188,.21520518,.0006715646,.00052501244,.00012978289,-.000095523748,.00020255701
2000m4,.0021061501,.0075977854,-.00065650471,2.0532527e-06,.00013359262,1.2010002,-.20502029,.00030818768,-.0050563677,.057098966,.00030902037,.00015993876,.00014134357,-.00015028738,.00033787475
2000m5,.0024924893,-.00023869019,.0017684001,.000061417486,.00012595892,.81151831,-.22680977,-.00072282931,-.0026051451,.1010363,.00066910166,-.000068170411,.00013904703,-.00013238944,.00028168541
2000m6,.002533033,-.0064467285,.0032829682,.000057769146,.00021529141,1.1324003,-.31406388,-.0014665162,-.0034527669,.13293381,.00079314382,.00026779954,.00013235149,-.00011428923,.00026347098
2000m7,.0023918787,-.0018015649,.0014016614,.000080348975,.00017598827,.39416149,-.12249842,-.00054320338,-.0017679413,.059633225,.00038867226,.00013661019,.00013720384,-.00012056131,.00025658845
2000m8,.002253151,-.003515111,.0031366558,.000030150197,.0002245185,.49428055,-.21509297,-.00028812842,-.0019621246,.1427767,.00018824903,.00056757836,.00013184526,-.00011406782,.00023666331
2000m9,.0024207411,.0063709728,.00015459402,.000077510835,.00018965677,1.0405033,-.29453507,.00097325636,-.0024502515,.12855121,-.00011771003,.00045663133,.0001321617,-.00010571689,.000207547
2000m10,.0026111018,.0014336007,.0012995602,.000083491694,.00032790808,.48339346,-.17473209,.00011527178,-.0018642476,.098216958,.000091310831,.00063160225,.00012729492,-.00008982217,.00023698872
2000m11,.0024610523,.00024228125,.0010592671,.00003398033,.00050293573,.32865083,-.11787933,.000035705558,-.0023854554,.06670785,.000050523235,.00083538471,.00012276864,-.00011847715,.000456351
2000m12,.0037399703,-.0097478768,.0012176982,-.00019137033,.0011930895,.54445678,-.13264561,.0012862094,-.007031152,.056840573,-9.5268324e-06,.00090681878,.00013576925,-.00021859666,.00086847396
2001m1,.0032675993,-.0065149232,.00082542107,-.00015364531,.00095908786,.4346219,-.12433108,-.000014822338,-.0043478515,.062002916,.00020829323,.00057907746,.00014380402,-.00018233397,.00067294593
2001m2,.002917771,-.016115753,.0013110883,-.00012455774,.00090012525,2.8360441,-.4162333,-.001588293,-.015451292,.10757335,.00037820608,.001392793,.00013601157,-.00016333142,.00069238734
2001m3,.0039556082,.0043763905,-.0027743815,-.00020297221,.00072507979,2.783227,-.43768677,-.0029122746,-.011431187,.11685207,.00062852266,.00098034006,.00013349376,-.00013944838,.00054314773
2001m4,.0042263065,.011071755,-.0011460694,-.00016496031,.00085085188,1.8139666,-.24485753,-.0021089984,-.0047462434,.066966794,.00043496798,.00072853721,.00012664513,-.00013032815,.0005564015
2001m5,.0042429571,.0025461386,.0019613877,-.0002507118,.00066005625,1.3348056,-.32550344,.000040298572,-.0016915478,.15172386,-.00051944092,-.000038870814,.00014281458,-.000093082497,.00047196168
2001m6,.0036973027,.002588944,.0014882056,-.00020681332,.00056201522,1.0558416,-.46499664,-.00020793983,-.0013155134,.37517354,-.00052505074,.00033020234,.0001344824,-.000090384281,.00038539703
2001m7,.0033267543,.0040188134,.000053852764,-.00017777408,.00064021186,.72738522,-.19635354,-.00053085922,.0016101559,.096606098,-.00013857572,-.00036034489,.00012774144,-.000105265,.00051700923
2001m8,.0030232396,.0079486426,.0010499532,-.000210542,.0006089682,1.0431916,-.20034432,-.0035447334,.0035739643,.14329046,-.0010251657,.00017374127,.00016042698,-.0001310201,.00046528672
2001m9,.0032861489,.019496687,.0019967845,-.00025041736,.00057841581,1.5171169,-.16264324,-.0050579561,.0045501189,.098421767,-.00082660309,.00015112618,.0001577214,-.00012540097,.00038558041
2001m10,.0040754178,.032804471,.003855607,-.00034092873,.0015459799,1.8188102,-.14258043,-.0065412717,.018159606,.097798295,-.00090645824,.0021350663,.00016063426,-.00025549319,.0012727109
2001m11,.0035795721,.029713787,.0021848422,-.00023241607,.001230367,3.2975347,-.16561928,-.013092503,.017470444,.056981675,-.0004035178,.0011369616,.00020320968,-.00020641876,.00097263022
2001m12,.0036280898,.012018017,-.00038160768,-.00035426253,.0013218834,2.5207603,-.14910181,-.0061234287,.0088891704,.10103466,.00050106749,-.000046197314,.00024537483,-.00027782164,.0010459549
2002m1,.0031763162,.0070198453,-.00075403939,-.00029514596,.0010501841,1.332768,-.10579608,-.0031277982,.0055497917,.10976422,.00076158112,-.000078114776,.00023276499,-.00023157021,.00080784166
2002m2,.0028512913,.0030286817,-9.5465084e-06,-.00025073258,.00086158147,.29504916,-.064414367,-.0013949439,.0022146781,.1280925,.00053666357,.000015270874,.0002130458,-.00020123593,.00063876587
2002m3,.002628678,.0031225006,.0011292826,-.00022716097,.00080083992,.26346451,-.069618471,-.0013479351,.0021620612,.15480359,.00022871644,.00067705789,.00019854654,-.0001953967,.00059567392
2002m4,.0024415606,.0034997351,-.00075808197,-.00027022415,.00088302768,.26810113,-.086141072,-.0017531168,.0028842017,.14955474,.0011575293,-.0010645739,.00023733515,-.0002886155,.00077505427
2002m5,.0025928218,.0026081603,-.00055032945,-.00035970882,.00070660602,.24634364,-.057261955,-.0014334256,.0022521813,.056186724,.0006212772,-.00058706099,.00025905127,-.00023835502,.00060265296
2002m6,.0023495455,.00192589,.000062889587,-.00029585647,.00068174186,.26243439,-.086641595,-.0012984145,.001548563,.097211421,.00056116719,.00010360754,.00023456915,-.00022253209,.00060094317
2002m7,.00284482,-.0019187575,.002078149,-.00033985407,.0015878865,.32330406,-.10801758,-.00079361431,-.0022992026,.097781479,.00018943497,.0023843911,.00022520425,-.00036278571,.0017505569
2002m8,.0034606897,.0051951655,.0038909698,-.00047262298,.0016883226,.43921205,-.10262173,-.0024333016,.00050618383,.10160159,-.00037950909,.0025958149,.00024468076,-.0003916414,.0016867018
2002m9,.0030307432,.0058747442,.0025030635,-.00038345801,.0013404342,.758196,-.095354378,-.0048379726,.0014342248,.078420475,-.00052222097,.0016016235,.00025400784,-.00033044463,.001288401
2002m10,.0041290005,.012258472,.0045409915,-.00058620935,.0016155819,.60706323,-.081377767,-.0051956801,.00380076,.087069817,-.00092893816,.0020107452,.00028210712,-.00038615381,.0013257207
2002m11,.0041438942,.0001105649,.0027389317,-.00055224693,.0013115188,1.8627027,-.11316864,-.0036003911,.004520325,.055318467,-.00054144446,.0010481843,.00026638378,-.00031790594,.0010118386
2002m12,.0038998332,-.0012314495,.00040063541,-.00049422297,.0013621354,.64742726,-.08639311,-.0015556398,.0010208867,.12733594,.000036735062,-.0010105134,.00025046521,-.00033677329,.0011262494
2003m1,.0039214245,.0026304284,.000096497373,-.00054593297,.0012507765,.46918821,-.05853989,-.0023995442,.0018242733,.056106973,.0000379413,-.00061270589,.00027645528,-.0003249851,.00094949256
2003m2,.0035646777,.0067064627,.0002245792,-.00042129564,.00097142352,.77176875,-.072997674,-.0021459968,-.000078741723,.061095469,.00012983814,-.00081754685,.00024972926,-.00028552368,.00082262012
2003m3,.0032095024,.01211587,-.0015679479,-.00037634568,.00083655794,1.4670842,-.23845482,-.0052062329,.0024052404,.14069599,.0010595802,-.0016146405,.00024649053,-.00025695987,.00067032682
2003m4,.0028139881,.01089494,-.0018216727,-.00029834718,.00071808876,1.945341,-.46602288,-.0040648193,-.0011040012,.28084666,.0007484121,-.00011198262,.0002251423,-.00023596677,.00062347151
2003m5,.0030822314,.00028110022,-.00063548551,-.00020721614,.00092747598,1.2729899,-.17567645,-.0032836455,-.00346436,.060314599,.0003363826,-.000059563514,.00020548106,-.00020391044,.00071502163
2003m6,.0030032839,-.0012914339,-.0040476192,-.000010095488,.00066091563,.51345909,-.14217174,-.0028445851,-.00045219457,.15964608,-.0012479692,.001342844,.000250971,-.00025571248,.00071051542
2003m7,.0026400904,-.00072549871,-.0028375478,-.000025765463,.00061025372,.44786158,-.099102028,-.0019632485,-.0013619454,.10246123,-.00059501966,.000180003,.00023095041,-.00024628811,.00069764798
2003m8,.0023496889,-.00048222023,-.0029957741,-.000097308286,.00059166155,.31161812,-.084503941,-.00030834696,-.0012983638,.11855882,.00095526956,-.00080590579,.00037706512,-.00031945636,.00068128959
2003m9,.0021012756,.00024971948,-.0023970536,-.000082186663,.00050191768,.2631782,-.074385695,-.00036707526,-.00065305404,.084472731,.00064122782,-.00061371003,.00033568378,-.00026293358,.00053297635
2003m10,.001922328,.00029956389,-.0019745203,-.00013921401,.00047216672,.24948034,-.066435203,-.00027145597,-.00038220297,.062386878,.00072743953,-.0006195954,.00036853246,-.00026023851,.00046014995
2003m11,.0020158864,.0050384821,-.0014776705,-.00019866358,.00060845946,.42498973,-.080794573,-.0015533451,.0021440794,.055107508,.00058411405,-.00051885395,.0003486741,-.00027744626,.00052512897
2003m12,.0017958524,.005040532,-.0014037413,-.00016383617,.00050381228,.57738525,-.10838082,-.0016410055,.0023241902,.061081581,.00053890917,-.0005395303,.00030959983,-.00023027402,.00042019883
2004m1,.0017338699,.0062349103,-.0018965293,-.00010718696,.00045357193,.51110959,-.11723854,-.001019251,.0023271197,.068196267,.00037911005,-.00064741191,.00028138075,-.00018873092,.00035266441
2004m2,.0015695413,.012291171,-.0018045581,-.000082888066,.00038169071,2.1639853,-.23500192,.00045612614,.0032567123,.068295129,.00023679073,-.00056673359,.00025695193,-.00016080264,.00028886701
2004m3,.0014150173,.0062564155,-.001546599,-.000067661778,.00033171533,.73902529,-.1391772,.00040169881,.00089418539,.064451978,.000084705869,-.00024482273,.00024221644,-.00017005918,.00030890293
2004m4,.0013401558,.0028979108,-.0018687808,-.000085580439,.00030932191,.85412031,-.13223679,.00082403049,.0003073056,.071807608,.0002958829,-.00040891641,.00022474199,-.00015286505,.000265243
2004m5,.0013058388,-.00038701281,-.0040819691,.000042977073,.00020986126,.88582247,-.12548202,-.0028510252,.0026671288,.16339479,-.0017144975,.00087814633,.00029595234,-.00021346341,.00031114856
2004m6,.001187987,.00022060191,-.0047434038,.000019809278,.00020594049,.50009233,-.10936138,-.0021474196,.0011468475,.54741043,-.0024864436,-.0010876647,.00026646556,-.00017950527,.00029613898
2004m7,.0010961886,.0019551755,-.0028325538,6.3820194e-06,.0002055239,.88317102,-.085113645,-.0020885819,.0020649889,.41212854,-.0014213653,-.00053429417,.00024031945,-.00015304278,.00025428168
2004m8,.0012971944,-.0058543226,-.00086195016,-.00005583942,.00021063916,1.2502371,-.060643625,-.0011073134,.0015254008,.060950652,-.00040289783,-.00022046431,.00022288962,-.00013618951,.00021826343
2004m9,.001188855,-.0034987468,-.00085617515,-.000070586459,.00021339123,.6654163,-.053941809,.0001609844,.0004559643,.058212779,-.00012051102,-.00031289118,.00023316148,-.0001427345,.00021054981
2004m10,.0010922984,-.0015528481,-.00074869901,-.000063002277,.0002021035,.37864447,-.048995875,-.000099365861,.00054329797,.057221007,-.00003783634,-.00028010074,.0002113994,-.00012495376,.00018577538
2004m11,.0010076201,-.00062253553,-.00061951985,-.000053508727,.00019255173,.4770225,-.03661621,.00010811748,.00096552033,.29720673,.00078868907,.000091238093,.00019601747,-.00010789092,.00016912412
2004m12,.001080348,.0010044803,.0003388905,-.00011837991,.00027400343,.31939057,-.033322416,-.00059207797,.0013376337,.13368793,.0001499857,.00036455717,.00019917668,-.00013543815,.00021167258
2005m1,.0010652023,.0048751496,.00061638484,-.000074530908,.00023116545,.72314882,-.034670644,.00013179588,.0011328717,.096833758,.00031693923,.000095527903,.00018742972,-.00012146752,.00018633563
2005m2,.0011403713,.0020718374,.000078231831,-.000088898334,.00028173497,.30053627,-.02896136,-.000044044566,.00049141754,.057757661,.00026573183,-.000071307113,.00017463703,-.00012120065,.00020386222
2005m3,.0010561441,.0026718811,-.000088267007,-.000087472101,.00028033715,.39945653,-.045732658,-.00094367639,.0016518367,.055501163,.00028397568,-.0001770638,.00017076795,-.00013374441,.00023260526
2005m4,.0010723852,.0015666353,-.00227766,-.000052538664,.00033195439,.26137266,-.061620355,-.00085823901,.0010190165,.1572842,-3.9521619e-06,-.0015861656,.00016107585,-.00011122759,.00027444208
2005m5,.0011339656,.00022051847,-.011407198,-.0001137841,.00045075058,.29721916,-.079887651,-.000318665,.000031986961,.89955723,.0034548668,-.0090949247,.00016865131,-.00016543703,.00040412004
2005m6,.0011240757,-.0012195995,-.0036061527,-.000063942956,.00037602842,.38930327,-.060579155,-.0011003393,.00019609573,.14712015,.0013103469,-.0029804406,.0001639879,-.0001399258,.00032709225
2005m7,.0010338705,-.00043954834,-.003078623,-.000059092137,.0003190751,.34655747,-.080255687,-.0011602945,.000065682594,.14189133,.0011876699,-.0021468189,.00015342301,-.00012086786,.00027893545
2005m8,.00105612,.0001482737,-.0015182084,-.0001123199,.00037367569,.25130108,-.07265994,-.0010305463,.00034650724,.13152975,.00040696273,-.0011417028,.00016588076,-.00015416212,.00032854799
2005m9,.0010284348,.0011056574,-.0041742381,-.00012567868,.00037053216,.28391397,-.15239675,-.0014342658,.00094848959,.35474348,.0017769875,-.0029422576,.00016765267,-.00015934127,.00032518688
2005m10,.00095294364,.0028256699,-.011086166,-.00009295479,.00031242394,1.1159583,-1.6834379,.0016226133,.00099232723,4.6086574,-.0055666938,-.0046903845,.0001780623,-.00013647634,.00026906596
2005m11,.00098760787,.0082269507,-.011993487,-.00003900606,.00026576922,1.5975496,-1.6985153,.0028241344,.0011432854,3.2846074,-.0049734507,-.0034420313,.00017454958,-.00011861713,.00022670852
2005m12,.00099658198,.0031307177,-.0042299679,-.000034075529,.00021643916,.65526485,-.55271631,.0011447181,.0010385312,.8460803,-.0019591427,-.0017977868,.00016160338,-.00010750067,.0002020484
2006m1,.0009399195,.0018300172,-.0036208392,-.000044497083,.00020796859,.26368681,-.27175272,.00039701207,.00065692532,.53181684,-.00080699538,-.0015667628,.00015432382,-.00010201621,.00018357257
2006m2,.00092480064,.00077960984,-.0015889091,-.000059685717,.00023856062,.33563292,-.27524251,.00047218762,5.4634080e-07,.41191188,-.00083899748,-.00042678384,.0001478959,-.00010855099,.00020561878
2006m3,.00088000821,.0010872317,-.0023191359,-.000049239326,.00021753911,.27824166,-.24917051,.00021317488,.00019981242,.41024575,-.00072959345,-.00062289671,.00013930877,-.000096800315,.00018098995
2006m4,.00082659605,.00096560118,-.0012028915,-.000053735515,.00021927855,.25341395,-.14912191,.00017164502,.000075536009,.16221353,-.00064658432,-.000015750968,.00014982223,-.00012204147,.00021620313
2006m5,.00077861035,.0010838341,-.0022832919,-.000045921763,.00019808554,.27752542,-.29412532,.00019117603,.000074674412,.65428662,-.0020555253,.0005326735,.00014601332,-.00011185015,.00019213388
2006m6,.00097219192,.0073438436,-.0095032593,-.000017551711,.00019354484,.59522128,-.61630976,.00042374598,.00064582739,1.1556468,-.0024982598,-.00012850993,.00013842407,-.000098402437,.00017157003
2006m7,.00092196499,.0056040711,-.0054123327,-.000019616995,.00019969293,.40938133,-.31073824,.00010868451,.0010423075,.42058027,-.001170771,-.00059232127,.00013082787,-.000090141468,.00017351304
2006m8,.00089406694,.007694236,-.0055698315,-.000040877705,.00020634678,.69797987,-.41250038,-.0011942146,.0022365532,.41036618,-.00022460756,-.0011756879,.00012959549,-.000092804665,.00017112045
2006m9,.0008489571,.0047098631,-.0047880388,-.000023514727,.0001813686,.51212144,-.54330218,-.0016444451,.0020616276,.97098237,.0015975699,-.0026203624,.0001318896,-.000093700124,.00016407331
2006m10,.00080613967,.0034874261,-.001875759,-.000019739129,.00016641965,.89016598,-.34114534,-.0025549927,.0025794262,.23624066,.00082885165,-.0012026276,.00012714016,-.00008771295,.00015081122
2006m11,.00082002836,.0013250654,-.00043319544,-.000020048279,.00016416359,.36412939,-.21320847,-.0015126617,.0013574981,.22603109,.00074350508,-.00088295713,.00012118306,-.0000810618,.00013991323
2006m12,.00077897526,.00089710177,-.00023756029,-.000016257885,.00015327016,.33513683,-.11922137,-.0015678793,.0012801307,.076485634,.00045432901,-.00050484302,.00011905803,-.000078442958,.00013310942
2007m1,.00073743018,.0012000124,-.00046285824,-.000017705001,.00015267268,.53074837,-.22594658,-.00035865532,-.00028437428,.15757579,-.00023059754,.00036494771,.0001274739,-.00010378,.00017666588
2007m2,.00070413447,.00089053856,-.00032030154,-.000024577499,.00015326911,.25891206,-.1264105,-.00038861315,-1.2879709e-06,.10890137,-.00024756865,.00031676589,.0001243875,-.000098849356,.00016726056
2007m3,.00077098829,.0031351603,-.00081016723,-.000074084797,.00019585397,.38118368,-.12746635,-.0013498919,.00092642009,.074858062,.000074916767,-.000038409718,.00013096094,-.00010792759,.00017851646
2007m4,.00073139067,.0032846616,-.0013879949,-.000062183979,.00017923673,.53284287,-.27094296,-.00096348801,.00066574407,.22378862,-.00026698739,.00013789214,.00012643872,-.000098619144,.00016192081
2007m5,.0007705373,.00045132308,.0009350254,-.000051470546,.00017089062,.60683483,-.3997426,-.0010877041,.00054524228,.4076317,-.00010080532,.00016433538,.00012058199,-.000089320878,.00014775335
2007m6,.00079013669,-.0009974984,.0038868361,-.000085247833,.00020784028,.51653975,-.51895398,-.000045047469,-.00037448891,.80610347,-.0018473208,.0019097694,.00013020002,-.00010617908,.00017204434
2007m7,.00084446103,.00020979457,-.00032456528,-.000054825596,.00026648812,.2864705,-.37677476,-.00011048173,.00025801468,.81164038,-.0017759345,-.00044734709,.00012547878,-.000090836053,.00021577327
2007m8,.0010453744,.0026107077,-.0028009559,-.00012006547,.00052790047,.33160439,-.29150316,-.00086391607,.0024620818,.41580015,-.00025583786,-.0026573292,.0001324108,-.00016508505,.00050211523
2007m9,.00096494978,.003450931,-.0024383287,-.000099700352,.00043555663,1.0251887,-.5106079,-.0034882373,.0031964534,.41029978,.00069615309,-.0021995832,.00013629599,-.00014036633,.00040033675
2007m10,.00095518021,.0010597241,-.00070524256,-.000080035839,.00040041466,.64971185,-.35681334,-.0025562011,.0015734849,.31111941,.00065877201,-.0011019337,.00012919544,-.00012404051,.00035580934
2007m11,.0008960921,.00035248464,-.00018264499,-.000064365246,.0003346515,.76777095,-.45470625,-.0028331338,.0023746586,.40884519,.0010426119,-.0017995127,.00012452381,-.00011664762,.00031311566
2007m12,.0012217663,.010000565,-.013598664,-.00023626248,.00054757897,1.2361553,-1.0797936,-.006828343,.0077533936,1.3499458,.0071095442,-.0097166598,.00018019816,-.00020839702,.00046764963
2008m1,.0011538704,.014533306,-.01118243,-.00019281995,.00045723486,2.3527498,-1.2595181,-.0069690729,.0083514592,.98403829,.0049111471,-.0067423801,.00016662948,-.00017506615,.00037622938
2008m2,.0016722048,.031442199,-.01284978,-.00032329682,.00066454284,3.4109387,-1.2466006,-.0117044,.015455712,.66570628,.004755388,-.0069418033,.00019611191,-.00023003935,.00047990336
2008m3,.0016883531,.041270781,-.015189106,-.00030235274,.00063742755,5.1748309,-1.7209915,-.014118488,.019462457,.80968952,.0050826157,-.0076873954,.00018726861,-.00021512347,.0004483691
2008m4,.0015550377,.035440009,-.023049863,-.00025643414,.00051711313,4.6759624,-2.7450213,-.012238231,.013540911,2.3106954,.0075184219,-.0082349181,.00017445479,-.00017846371,.00036226588
2008m5,.001552997,.021950265,-.015269442,-.00027327469,.00059467676,7.2826428,-4.9597979,-.0054896134,.0031743739,4.6358361,.0028030872,-.00081009814,.00019020769,-.00022475794,.00046955814
2008m6,.0014080212,.015434017,-.013636006,-.00023219681,.00050184206,7.1797829,-6.8266015,-.0014173245,.00064078346,8.8140602,-.0015786539,.0017754268,.00018917042,-.00020000919,.00039479014
2008m7,.0022885534,.045618922,-.040572826,-.00024964145,.00072266645,8.1766605,-7.3198295,-.0038900506,.009892093,8.8721189,.00089203165,-.007031064,.00017688991,-.00019941898,.000454575
2008m8,.0020611628,.037855309,-.035527121,-.00020925039,.00062372908,6.8737416,-6.301003,-.0041751061,.010765538,7.8365712,.0017251823,-.0090834452,.00016391509,-.00017531468,.00040067272
2008m9,.0018365401,.028407885,-.020457733,-.00016324279,.00051306223,6.6446228,-4.3688302,-.0070481519,.010787821,3.9720824,.0029849987,-.0067260433,.00016210311,-.00015893293,.00034060722
2008m10,.0028346558,.026094574,-.028782867,-.00018996575,.00055591151,2.5743067,-2.1945541,-.004477181,.0066338,2.6345191,.0028360197,-.0059975549,.00015248063,-.00014331413,.00030077042
2008m11,.0062919855,.1649107,-.084644698,-.00013780782,.0032473772,12.08678,-6.3604946,-.0050931894,.11550704,4.6403356,.0023487036,-.050978739,.00014307973,-.00012967338,.0025808378
2008m12,.0063396688,.17556906,-.052116144,-.00042224117,.0047917422,14.152164,-4.306428,-.024509253,.18767704,1.8534658,.0058519486,-.048387755,.00036249775,-.00066158501,.0056795208
2009m1,.005495003,.12960699,-.037913397,-.00036402821,.0037708748,11.808681,-3.6423931,-.027558804,.13207707,1.5841631,.0076609822,-.03362748,.00041479865,-.00057466648,.004250573
2009m2,.0057122237,.12177467,-.034680393,-.00017814101,.0030760737,9.9182758,-2.8695915,-.016152058,.090730689,1.1685679,.0035709552,-.020649102,.00043841687,-.0005879401,.0036974296
2009m3,.0063556135,.15687634,-.051076755,-.00012692175,.002728801,13.375524,-4.1988611,-.013943513,.085511982,1.8052241,.0028618297,-.021480581,.00038871344,-.00049095688,.002887541
2009m4,.0062358533,.098332383,-.030504921,-9.1950687e-06,.0024875461,11.943392,-3.7176878,-.017418988,.056003064,1.5834928,.0044625294,-.013038769,.00038116053,-.00039460216,.0024412572
2009m5,.006378971,.046642508,-.014044814,-.00015265176,.0029468718,7.7028069,-3.1780438,-.0085688857,.026503298,1.8109896,.0015923221,-.0030073735,.00036635986,-.0005048103,.0030419203
2009m6,.0057295035,.025171813,-.006258701,-.00017315082,.0024631573,6.1464214,-2.2775702,-.0047069751,.01442041,1.1717198,.00037946404,-.000675535,.00033383447,-.00045126799,.0024357059
2009m7,.0049698064,.014745121,-.0076263323,-.00015134714,.0019408573,2.6503468,-1.8181462,-.0027989743,.008099,1.8052678,.00019784982,-.0015965874,.00029751364,-.00037790992,.0018371136
2009m8,.0048433887,-.0037493831,.000034943707,-.00011049522,.0016306947,4.1180954,-1.6613463,-.0042644381,.0049882708,.99036515,.00059930538,-.00058469281,.00026721676,-.00031688876,.0014261063
2009m9,.0042744423,-.0040157349,.0013219117,-.00008164363,.0012923165,2.4109073,-1.1554933,-.0042015095,.0038098528,.81420082,.0013574966,-.001039015,.00024621075,-.00026994653,.0010875593
2009m10,.003835775,-.0033400203,.0027616129,-.000054064156,.0012472681,1.0179747,-.67338163,-.003018664,8.7360977e-06,.66334629,.001707225,.0018414829,.00022690087,-.00021915317,.0011268287
2009m11,.0034931302,.0035569686,-.0019684464,-.000054691449,.00097926299,1.3687228,-.79092062,-.0028364065,-.00023947182,.66125011,.0013455546,.0013645367,.00020607156,-.00019567175,.00087167538
2009m12,.0032997183,-.0032164569,.0016011731,.00002020815,.00075563474,1.4942377,-.74330193,-.0046320544,.0015425744,.52924854,.0020843297,-.000083084698,.00020355645,-.00018422255,.00069120043
2010m1,.0029278782,-.0027946311,.0021084601,-.000057858353,.00076322339,.96231955,-.59393322,-.00081859127,-.001583844,.52741432,-.00056523416,.0025226434,.000244372,-.0002734451,.00078809541
2010m2,.0027870159,.0036610384,-.0035816506,-.00013138527,.00066195178,.99483472,-.6808688,-.0025366389,-.00011835979,.65936124,.0011205407,.0010519306,.00024065314,-.000235388,.00061957457
2010m3,.002521534,.00054608565,-.0010311382,-.00010311863,.00053692074,.99631369,-.61147183,-.0026456274,.0010674795,.52922231,.0011535806,-.00013213245,.00021875875,-.00020145114,.00049852417
2010m4,.0025554853,-.0050591575,.0055137118,-.0001460481,.00065745082,.98198467,-.75315416,-.0013956983,-.0016741357,.80779302,.00012435658,.0028242331,.00020564052,-.00020790183,.00053374091
2010m5,.0022675965,-.0043022442,.0040659006,-.00010921785,.00054203492,.99572921,-.68768227,-.0025030619,-.0007315093,.66325724,.0010635155,.0014602898,.00019626573,-.00017501522,.00042350675
2010m6,.0029076689,.0032705029,-.0060119061,-.00026617019,.00089205324,.5886761,-.52218002,-.0026775098,.0019700201,.66124886,.0024473367,-.0025677038,.00020296575,-.00023505758,.00058736879
2010m7,.0030434141,.0094576236,-.0075775469,-.0003349219,.00081809988,.74101353,-.46204698,-.0042780568,.0030280487,.41371039,.0025825426,-.0023743508,.00021289224,-.00021784181,.00049651519
2010m8,.0030820302,-.002868417,-.0026533876,-.00023300774,.00074359454,2.0692227,-.54897887,-.0068572359,.0010486046,.22849712,.0018189279,-.0010932501,.00019743557,-.00017811153,.000420628
2010m9,.003081308,.0080635063,-.0063979859,-.00030223787,.00078940636,2.3906434,-.70126957,-.0093903877,.0054286206,.30859318,.0029691164,-.0027283647,.00021294727,-.00020757409,.00044538963
2010m10,.0035509458,-.0069391252,-.00038976761,-.00025039396,.00084659562,2.4795086,-.72401422,-.0078262566,.0014990432,.30970615,.0023569704,-.0011377154,.00019413463,-.00018321355,.00042933878
2010m11,.0032037818,-.010103051,.0008754952,-.00021126975,.00077419076,2.9565778,-.79873902,-.0065774438,-.0020357945,.30972162,.0017642272,.000063435626,.00017846748,-.00016796222,.00041889041
2010m12,.0028103343,-.003757386,-.000021887532,-.00016891272,.00063673401,.94814521,-.5842694,-.0028482841,-.00019010682,.56223005,.00097336416,-.00095333107,.0001693474,-.00013848355,.00034996355
2011m1,.0028679459,-.0072925165,.0040169866,-.00025805001,.00071763858,.8438499,-.54745114,-.00055963569,-.001957213,.54033035,-.00067403959,.00089460146,.00018528616,-.00017615601,.00039384476
2011m2,.0025342964,-.0057043331,.0046508778,-.00020898512,.00062030641,.80116588,-.72266865,-.00065073511,-.0024224345,.97278833,-.00059532461,.0025779107,.0001706351,-.00015651209,.00036523439
2011m3,.0023107817,-.0025920416,.0063399579,-.0001726059,.00051194028,.28648609,-.44671682,-.00048293514,-.0009300469,1.1600726,-.00047376068,.0018162745,.00015825061,-.00013517222,.00029834887
2011m4,.0020489139,-.0015255279,.0047908025,-.00013991623,.00042671672,.37012112,-.9570632,-.00056830083,-.00063575996,4.2413616,-.0007455849,.0021124796,.00014768967,-.00011841863,.00024870076
2011m5,.0018657459,-.0061385729,.0051295841,-.000083673862,.00034810413,1.3933781,-1.4940455,-.0039013214,.0012526957,2.9345756,.0015459667,-.00012924257,.00014892408,-.00011364899,.00022171164
2011m6,.0017226349,-.00093099725,-.0020823549,-.00011468681,.00035626764,1.4767345,-1.7594169,-.0054099523,.0032749316,3.5583494,.0050050388,-.0038825474,.00015900969,-.00012934863,.00023295649
2011m7,.001627551,.0061792997,-.0055354103,-.000082975181,.00032797141,2.413044,-1.742242,-.004768122,.004557482,2.085443,.0028081245,-.0032906802,.00014940843,-.00011141672,.00020646206
2011m8,.0015884957,.012670579,-.0086827446,-.00014388969,.00038359759,2.7906299,-1.6694473,-.0077610565,.0080967825,1.5873865,.0042387224,-.0050248294,.00016662321,-.00014309667,.00024882614
2011m9,.0019829073,.054741807,-.019105118,-.00032603738,.0008356662,8.6511087,-3.2061164,-.023464667,.040560555,1.8110437,.0076262453,-.013673215,.00021692847,-.00030111129,.00063947967
2011m10,.0026045318,.058060326,-.025467789,-.00040514709,.0011796814,6.4750633,-2.6145184,-.020499947,.041764949,1.5835736,.007735617,-.016829895,.00022188238,-.00036166847,.00089714047
2011m11,.003538263,.023357298,-.0080457358,-.00042338099,.0014339812,3.538892,-1.9318457,-.011754809,.022789691,1.5804127,.0051615732,-.010069585,.00020770954,-.00035741017,.00098898227
2011m12,.0031121494,.020136945,-.0070936042,-.00035060191,.0011477956,3.2014782,-1.5932666,-.010502554,.017481431,1.1685158,.0043399655,-.0072796266,.00019390436,-.00029480938,.00077070633
2012m1,.0027311365,.014824769,-.0048316391,-.00028360551,.00091348268,2.4421461,-1.0545117,-.0089793354,.011834279,.66826963,.0033330538,-.0043910248,.0001851675,-.00024093033,.00059957447
2012m2,.0025977658,.0058497051,.00012636831,-.00021399425,.00074387749,1.3633794,-.94372141,-.0060214624,.0067721712,.9745661,.0036466559,-.0037821021,.00017175774,-.00019889591,.00047296312
2012m3,.00242911,.0013440802,.0031092975,-.00020227561,.00064884947,1.0721208,-.84478176,-.0036609941,.0038386651,.97882223,.0020634504,-.0020391748,.00016374426,-.00017653343,.00039957266
2012m4,.0022004442,-.00078629953,.0082910061,-.00018779366,.00054208771,1.0892688,-1.3902141,-.0018347778,.0026121095,2.5929263,-.0004618933,-.0014964876,.00016127616,-.00015290543,.0003276213
2012m5,.0019891334,.0024974162,.0023706767,-.00017871431,.0004711285,1.3018414,-1.1903098,-.0038336511,.0034938306,1.5944382,.0014794649,-.0021087127,.00016683925,-.00014336743,.00028464143
2012m6,.0023575451,.01314916,-.0065994509,-.00027931444,.00064581772,1.4725708,-1.088976,-.0057611098,.0070239115,1.1687107,.0028377913,-.0044596391,.00017817535,-.00018151822,.00036132417
2012m7,.0021849179,.0061820163,-.0024599305,-.00023709101,.00058015081,3.5223463,-1.2426445,-.00558112,.0041016629,.66827238,.0015679182,-.0019943013,.00016578013,-.00016261716,.00032765482
2012m8,.0019387733,.0061739138,-.0027075917,-.0001906806,.00049604074,3.8021288,-1.4467442,-.0071476242,.0067533297,.80972517,.0025173943,-.0033868926,.0001617724,-.00015758756,.00031129245
2012m9,.0017574161,.0023726914,.00019856932,-.00015764289,.00042446065,2.3249142,-1.7627691,-.00463267,.0036865964,2.0472496,.0025976943,-.0027155341,.00015083258,-.0001365686,.00026399858
2012m10,.0016094499,-.00005404478,.0019644587,-.00013593606,.00036257063,1.6525409,-1.4132433,-.0029765584,.0023624043,1.8174337,.0015978261,-.0019241187,.00014227518,-.00011939634,.0002239638
2012m11,.0015314781,.0035052504,-.0030473415,-.00010328721,.00034527431,1.2103589,-1.1369157,-.0020672558,.0027430286,1.5836624,.0010493089,-.0028473188,.00013437105,-.0001045882,.00020936008
2012m12,.0013805706,.0041609528,-.0027584727,-.000087623244,.00029764706,1.9118311,-1.2315766,-.0033383218,.0018215524,1.168561,.0014265964,-.0015977731,.00012919118,-.00009121382,.00018660564
2013m1,.0012518821,.0033917311,-.0023026702,-.000075894408,.00027292184,1.9875491,-1.2668493,-.0021004435,-.00044600369,1.1627929,.00058818568,.000172503,.00012473526,-.000094571078,.00019695402
2013m2,.0013860514,-.0059038224,.0048697409,-.00012457171,.0003714443,2.2423749,-1.4724712,-.00015838684,-.0036745891,1.3604221,-.00085931312,.002753489,.00012642027,-.0001149389,.0002449537
2013m3,.001257273,-.0041743801,.0032568662,-.000099421668,.00031739235,2.0693936,-1.3131448,-.0015581321,-.0011274557,1.1654589,.00031107361,.00079571625,.00012340116,-.0001079983,.0002209158
2013m4,.0012546085,-.0054812408,.0075160512,-.000080546248,.00029533615,1.3637364,-1.2323307,-.0013985232,-.00097392697,1.574603,.00056951551,.0012535136,.00011797818,-.000096797528,.00019716048
2013m5,.0011477597,-.0049368585,.0045467266,-.000060939452,.00025642299,1.6882758,-1.062263,-.0030856666,.0001516503,.9528771,.0013215799,.00016824891,.00011935717,-.000090626148,.00017623823
2013m6,.0010915244,-.0039315582,.0041393503,-.00009361624,.00027294902,.94366539,-.67465198,-.00054355059,-.00085524359,.69363987,-.00056550943,.0011559674,.00013973356,-.00011403531,.00019875982
2013m7,.0010576866,-.00092573324,-.000036180398,-.000047628033,.00024990126,.418708,-.51007664,-.00009828194,-.00014897368,.95769501,-.0018088865,.00025178565,.00014254579,-.000095483258,.00017735752
2013m8,.0012287041,-.0017511299,.004597404,-.000052092022,.00026093164,.30624777,-.40726507,-.00020114495,-.00015101221,.86147356,-.001333233,.00065660774,.00013440927,-.000089578243,.00016769566
2013m9,.0012758147,.0029789449,-.00068975409,-.000025257732,.00024955388,.64882582,-.58733332,.00020729942,.00049778551,.81240982,-.0013913424,-.00011642382,.0001295671,-.000080368562,.00015409529
2013m10,.0012528554,.00076312321,.0015146836,-4.9639525e-06,.00022066351,.4931947,-.46878475,-.00047367337,.00056830281,.67742252,-.000233153,-.00038212867,.00012687012,-.000076264179,.00014160572
2013m11,.001261691,-.004159058,.0054232031,5.7505140e-06,.00022776751,1.0783523,-.88041097,-.0015994213,-.00024026878,1.0273502,.00062751432,.00031690876,.00012257691,-.000069325914,.00013850955
2013m12,.0012036002,-.0066391379,.0042276517,-.000014264118,.00021394099,1.5187162,-.78385794,-.0011102899,-.00029656917,.58515251,.00022971377,.00015180632,.00011833736,-.000068152855,.00013047858
2014m1,.0011396548,-.0051462916,.0042970814,-.000041828003,.00020535148,.93595266,-.59681988,-.00011884381,-.0002427758,.55327094,-.00057367445,.00022520362,.00012103424,-.000069034832,.00012561624
2014m2,.001255368,-.00065978774,-.00076897355,-.00011033313,.00029265805,.48231229,-.41278967,-.00087199436,.00082239963,.52774817,.00082705606,-.0014942504,.00013038433,-.000097565418,.000170745
2014m3,.0013012018,-.0056688963,.0019073494,-.000082647341,.00028311432,.95860445,-.56716734,-.0015309307,.00020128835,.49100646,.00091201853,-.00081160606,.0001243658,-.000087876258,.00015998569
2014m4,.0011866535,-.0028822734,.00069080479,-.000069618392,.00025265614,.59657216,-.60448653,-.00097931898,.00047180787,.93782002,.00053692114,-.0014526851,.00011962897,-.000080102101,.00014749504
2014m5,.0011006809,-.0011338727,-.001295299,-.00006868512,.00024696227,.31043977,-.44394091,-.00085707312,.00064689189,1.0309685,.0012505418,-.0026925025,.00011695329,-.000084005289,.00015754475
2014m6,.0010262214,-.0010658295,-.00001057276,-.000045500343,.00021271264,.31837484,-.47995481,-.0012169062,.0010013023,1.1799124,.0024458002,-.0036286081,.00011930541,-.000088929744,.00015989116
2014m7,.00098005217,-.0017893999,.0014250971,-.000046602916,.00020256372,.41723204,-.51859498,-.0011308965,.0007671435,1.0166159,.0017007401,-.002385105,.00011472718,-.000082985804,.00014805471
2014m8,.0010121384,-.000050423812,-.0025331459,-.000034399756,.00027273191,.29852954,-.3946341,-.00086978701,.0012018771,.84621906,.0011211626,-.0038780752,.00011089637,-.000076914286,.00020191722
2014m9,.0010605308,-.00030020045,.0017351724,.000013162396,.00022353989,.25761381,-.37783635,-.00094565388,.001043767,.97703874,.0023989228,-.0037358226,.00011596243,-.000075958582,.00017993541
2014m10,.0010761328,.00045204812,-.001658528,.000024320465,.00024879171,.25404125,-.31103194,-.00080724485,.0011157036,.69397557,.0011749709,-.0035497781,.00011442876,-.000065476233,.00018558354
2014m11,.0010193622,.00039646353,-.0001187495,.000029413894,.00021702953,.25089335,-.29639584,-.00090910943,.0010162186,.67577684,.0019387378,-.0030755459,.00011766776,-.000066954221,.0001667789
2014m12,.00097195175,.0029957963,.00065367325,.000030493135,.00017133444,.61995941,-.24622057,-.000077991266,-.0015250082,.44684812,.0018287366,-.0035128829,.00011804626,-.00009015137,.00022741839
2015m1,.00091403432,.0016622557,-.00042438877,.000013771399,.00020511373,.37085223,-.15072577,-.00019778573,-.0015403208,.32079813,.0013543668,-.0036592449,.00011349425,-.000093351257,.00027973944
2015m2,.0010425018,-.00025336249,-.0023949016,-.00012811077,.00036275177,.32823563,-.1120708,.00068479002,-.0021731162,.22720607,.0019727738,-.0040378836,.00016356831,-.00017497066,.00040756809
2015m3,.001270156,.001139167,.0016325334,-.00019010251,.00052025402,.27104735,-.1144007,.000054375712,-.00091829209,.32708129,.00082823855,-.0019483784,.0001727818,-.00021377842,.00051770906
2015m4,.0012064076,.0014148938,-.0006265986,-.00017003606,.00046720207,.25636372,-.15575399,-.00020700305,-.00033045289,.47641778,.0013403348,-.0028708982,.00016292509,-.00019049129,.00044615864
2015m5,.0011040354,.0012881507,-.00067343831,-.0001386114,.00039899888,.25486383,-.11062641,-.00041955779,.0001419936,.22200538,.00063337822,-.0012276998,.00015417987,-.00017481942,.00040623554
2015m6,.0010169389,.0011588968,-.00054878608,-.00011621559,.00034086194,.29879504,-.17586073,-.00046132546,.00013002694,.34617245,.00051505474,-.00088904297,.00014451021,-.00015036628,.00033406803
2015m7,.0010115529,.00096514798,-.0027200782,-.000067660068,.00029379167,.24726416,-.17075984,-.00053700735,.00025512316,.40933228,-.0001836243,-.00094965886,.00014285817,-.00012698956,.00027527902
2015m8,.00093997864,.00077134417,-.0019071088,-.000053515705,.00025813465,.3348859,-.22611411,-.0011158227,.0013965283,.41020989,.00053769228,-.0021740983,.00013983384,-.00013401726,.00029609088
2015m9,.0014368771,.003784325,-.0040367614,-.000047588823,.00037303308,.31948683,-.1756167,-.0010372675,.0018903941,.22844848,.00039638631,-.0020275011,.00013193089,-.00012313525,.00030444577
2015m10,.0014863817,.01164441,-.0076033915,-.000082197374,.0005612924,.98013645,-.46665445,-.0031809809,.0110328,.40769643,.001311951,-.0063950145,.0001310575,-.00017186964,.00056909752
2015m11,.0018721292,.0035196731,-.00202596,-.00010483334,.00062029675,.79501009,-.4351019,-.002107074,.0066009308,.41018716,.00080283749,-.0040019439,.00012577228,-.00016251089,.00052924891
2015m12,.0016730312,.0031651342,-.0018260495,-.000087708017,.00056410162,.68195504,-.35827434,-.0013524732,.0068685994,.31111786,.00036725681,-.0041339817,.00012162883,-.00013840951,.00055261451
2016m1,.0016132967,.0067151389,-.0026732779,-.000068884117,.00056851987,.9393304,-.36474663,-.0011596008,.00882647,.22707155,.00021624872,-.0037875231,.00011682207,-.00012522229,.00054540887
2016m2,.0019695519,.0095375339,-.0041210651,-.00021706398,.00067878381,.68851966,-.26402679,-.0025228295,.0078511955,.15966825,.00092735916,-.0033969549,.00014843109,-.0001667882,.0005588386
2016m3,.0017665307,.0080642775,-.0030689877,-.00018662194,.00056635425,.62408406,-.20829795,-.0027029272,.0061963461,.10893045,.00085244293,-.0023496568,.00014500679,-.00015081777,.00045442645
2016m4,.0019953016,.0039408715,-.00027243595,-.00015008,.00055634842,.27843124,-.15926592,-.0016367737,.0032085842,.15802662,.00088445051,-.0016126006,.00013641287,-.00013306295,.00039499186
2016m5,.0017764843,.0046854196,-.00044295355,-.00012552585,.00049213943,.65845752,-.25161201,-.0018151836,.00094683591,.15870884,.00068146666,-.00048891513,.00012921728,-.00012974764,.0004223565
2016m6,.0015973585,.0028921678,-.00017697735,-.00010607428,.00041625398,.40573481,-.23358846,-.0013024296,.00063855562,.22495376,.00064518646,-.00037945408,.00012292175,-.00011554551,.00034283756
2016m7,.0014480951,.0025466746,-.00067424186,-.00010812614,.0003887467,.30970192,-.17203231,-.0016390148,.0011035021,.15963882,.0011973006,-.00093668001,.0001558286,-.0001420303,.00033985166
2016m8,.0014120514,-.00043132668,.00014412275,-.000080076614,.00035493288,.58666271,-.19553423,-.0022380131,.00062438124,.10893004,.00092005351,-.00052765344,.00014656609,-.00012224403,.00028777329
2016m9,.0012805663,.00026852405,-.00031867635,-.000066841429,.00031091817,.42943558,-.2025945,-.0014237755,-.00020862093,.15802662,.00060520903,.00024238281,.0001406848,-.00012492179,.00029826796
2016m10,.0011715658,.00049693196,-.0012199521,-.00005801678,.00026995686,.26029128,-.20264603,-.0010354903,-9.0913009e-06,.30761397,.0005332643,.00045449549,.00013295823,-.00011181313,.00025309983
2016m11,.0011743795,.0022412692,-.0018027317,-5.9623994e-06,.00021461387,.33041358,-.16915761,-.00049221917,-.00016782888,.16078742,.000018112192,.00033505555,.00013716971,-.00010845788,.00022493688
2016m12,.0012503472,.0014132236,.0001158007,-.00013867773,.00031050938,.25196511,-.14320099,-.00026294051,-.0001248498,.1587472,-.00096998352,.00096547505,.00019143795,-.00015917892,.00026969143
