edate,VarCov_mktrf_mktrf,VarCov_smb_mktrf,VarCov_hml_mktrf,VarCov_ps_vwf_mktrf,VarCov_smb_smb,VarCov_hml_smb,VarCov_ps_vwf_smb,VarCov_hml_hml,VarCov_ps_vwf_hml,VarCov_ps_vwf_ps_vwf
1968m1,.0020993098,.000014991601,-.000013716141,-3.9431352e-06,.00097286643,-7.1396130e-06,-6.2257800e-07,.00082858314,4.9719989e-07,.0012335703
1968m2,.0021201933,-.000059345566,-.00013930818,.000049121179,.001039454,.000078136036,-.000048530361,.0010201784,-.000058325364,.0011646226
1968m3,.0021082824,.000023630118,-.00015134379,4.1300532e-06,.001011992,.00004631995,-.000068028799,.00084965368,-.000040817144,.0010673981
1968m4,.0018981892,.000036344543,-.00013757548,-9.9125384e-07,.00088461884,.000036102065,-.000061645587,.00071468495,-.000035542082,.00095719844
1968m5,.0024854578,.00034010175,-.00019394347,.000016050475,.001224465,-7.9410902e-06,-.000047291869,.00062618928,-.000032454165,.00086907105
1968m6,.0022516421,.00040046123,-.00017132211,-7.0026908e-06,.0016045423,5.6497765e-06,-.00012199018,.00054195808,-.000034946086,.00085626059
1968m7,.0020199306,.0003472931,-.00015633296,-9.7424881e-06,.0013150524,-2.0675793e-06,-.00010204904,.00047495795,-.000030868308,.00079026952
1968m8,.0019377384,.00033140753,-.00028829245,.000061620245,.0011188223,-.000048645605,-.000065767577,.00086428213,-.00018796982,.00094366103
1968m9,.0017562276,.00030763674,-.00025081669,.000050635219,.0010156024,-.000039454506,-.000056173922,.00072671147,-.00015678795,.00085603894
1968m10,.0017216335,.00033411596,-.00022528842,.000051474213,.00096802,-.000038786904,-.000043320273,.00061166083,-.00013207692,.00079045777
1968m11,.001564657,.00029590202,-.00021804599,.000042764055,.00082835619,-.000046648456,-.000036013222,.0006406568,-.00012971241,.00073996297
1968m12,.0016816328,.00034158077,-.00023129668,-1.8616265e-06,.00079255551,-.000056966004,-.000049528382,.00056520134,-.00010567997,.00071925414
1969m1,.001749484,.00025751413,-.00021034616,-.000024774163,.00085365429,-.000058994014,-.000032173964,.00048944936,-.000092036375,.00068708026
1969m2,.0016243422,.00024077875,-.0002100891,-.000044049983,.00074659876,-.000061935709,-.000037047386,.00046707716,-.000068470712,.00069449411
1969m3,.0019234092,.00039899175,-.00022928571,-.00027399039,.0008795067,-.000078096877,-.00017510628,.00042288253,-.000042627958,.0010114202
1969m4,.0017831821,.00035049388,-.00021693725,-.00026586989,.00075729389,-.000070068898,-.00014793169,.00038744952,-.000030728552,.00095849385
1969m5,.0016255234,.00030994095,-.00019908763,-.00023110589,.00067446876,-.000064109328,-.00013297384,.00035432287,-.000027346203,.00088180753
1969m6,.0014867859,.00027979381,-.00018664144,-.00020701338,.00059956923,-.000061022394,-.00011609996,.00033344355,-.000022688655,.00080940052
1969m7,.0020091794,.00061190169,-.00013280287,-.00049249118,.00097221491,-.000023702381,-.00033443799,.00033907537,-.000066596534,.0011057138
1969m8,.0024284294,.00072867068,-.00019258777,-.00058357423,.00098211761,-.000048078906,-.00034951561,.00034159856,-.000041959996,.0010804884
1969m9,.0023518784,.00065964623,-.00031355672,-.00055631873,.00084561034,-.0000739842,-.00030495721,.00057976582,9.3867862e-07,.0010013893
1969m10,.002242133,.00057083514,-.00025492042,-.00052531448,.00074893911,-.000093470902,-.00025563344,.00068480364,-.000027449241,.00093419378
1969m11,.0022267608,.00064374646,-.00032841961,-.00069252017,.00085713522,-.00016469575,-.00041195675,.00076456484,.000095963987,.0013624907
1969m12,.0022035919,.00065143482,-.00027453541,-.00067905139,.00083649316,-.0001342296,-.0004000678,.00066727051,.000067900248,.0012781671
1970m1,.0020892653,.00068109069,-.00022036809,-.00063448463,.00092425378,-.000077616409,-.00040947029,.00073536229,.000030124276,.0011789188
1970m2,.0026892382,.00056063186,-.00035513224,-.00068091828,.00090734405,-.000040607352,-.00034333763,.00074875075,.000049064311,.0010753355
1970m3,.002617735,.00047157158,-.00027583496,-.00080872059,.00086418644,-.000088953275,-.00026343431,.00086216145,-.000070152957,.001403118
1970m4,.0023633402,.00044564044,-.000300755,-.00069206738,.00082673971,-.00013555412,-.00022617896,.00097585202,-.000067701912,.0012174924
1970m5,.0035553856,.00095958845,-.00076489837,-.00092839031,.0012686546,-.00039293955,-.00035764644,.0014125045,.000040976101,.0012314167
1970m6,.0037441261,.0010839081,-.00081800239,-.00070463883,.001358142,-.00043270335,-.00019715028,.0013221829,-.000088842084,.0019259917
1970m7,.0037380627,.001026767,-.00072795741,-.00055439601,.0011945361,-.0003628821,-.0001400998,.0010694767,-.000081241938,.001808721
1970m8,.0037294233,.00089360995,-.00062227511,-.00050635886,.0010041785,-.00030035424,-.00011368226,.00088305312,-.000067465691,.0015419273
1970m9,.0034534947,.00080770568,-.00052780507,-.00044504149,.00088280824,-.00024872067,-.000098119192,.00074258063,-.000056369783,.0013283306
1970m10,.0031914255,.0010838575,-.00066217966,-.00042402747,.0018210802,-.00065299601,-.00020780708,.0011378799,2.3035627e-06,.0012150758
1970m11,.0029152886,.0010246239,-.00056381151,-.00035147031,.0017476507,-.0005576617,-.00015270256,.00092384877,2.2973184e-06,.0011195539
1970m12,.0027624064,.00087389362,-.00047449223,-.00032826836,.00167277,-.00050931727,-.00011992957,.00079646742,-3.2881942e-06,.0010052811
1971m1,.0027419247,.00084371137,-.00040661523,-.00020946235,.0014854866,-.00042189279,-.000058393078,.00067470287,.000013281855,.0011501277
1971m2,.002635608,.0010176479,-.00034503915,-.00030760653,.0020103552,-.00038453724,-.00024833294,.00059341715,-.000014666715,.0013505002
1971m3,.0023570936,.00087077712,-.00031598785,-.00027382854,.0016754054,-.0003390121,-.00021754735,.00054765312,-1.5486763e-06,.0012097149
1971m4,.0022454604,.00080268004,-.00040952233,-.00022566115,.001459525,-.00038395752,-.00017403408,.00075455272,-.000025021787,.0010810366
1971m5,.0020852296,.00068386522,-.00035245772,-.00017651515,.0012069013,-.00031733222,-.00015299788,.0006375332,-.000015624342,.0010312996
1971m6,.0021001922,.00063092698,-.00029268244,-.00017605377,.0010277719,-.00026589303,-.00013274317,.00058312347,-.000017971623,.00093072845
1971m7,.0018946661,.00055604399,-.00026502242,-.00015238933,.00090257142,-.00022514504,-.000096683252,.00057884457,.000021117881,.00099419709
1971m8,.001990262,.00054792018,-.00024329797,-.00013222781,.00080925791,-.00019427465,-.0000813714,.00049938314,.000018332268,.00089705479
1971m9,.001905599,.00048275903,-.00019684518,-.000086437598,.00070268795,-.00018335016,-.000074431293,.00054043892,.000047678532,.00088401081
1971m10,.0017444761,.0004252794,-.00017377769,-.00007924455,.00062133156,-.00018088732,-.000064633663,.00062685518,.000044616791,.00080905517
1971m11,.0018525467,.00045376393,-.00014833025,-.00018079163,.00060652581,-.00015646209,-.000097178461,.00054296316,.000028833692,.0009090731
1971m12,.0016885301,.00044761758,-.0001326005,-.00016262315,.00066738977,-.00012409042,-.000095173855,.00053194596,.000023185794,.00082985696
1972m1,.0022447528,.00061649748,-.00015334225,-.00019365625,.000741984,-.00012479398,-.00010208299,.00046668848,.000021911792,.00077312574
1972m2,.002052929,.0007141789,-.0001315031,-.00022347442,.0011790872,-.000073705931,-.00026045126,.0004695612,-.000019396608,.0009074586
1972m3,.0019052015,.00063521852,-.00017068959,-.00019375242,.00101187,-.000091221591,-.00021895587,.00055372174,-.000026633335,.00083107909
1972m4,.0017221365,.00054870424,-.00016164065,-.00017833887,.00085942738,-.000080874554,-.00019805299,.00053469627,-.000052013202,.00087017094
1972m5,.0015657241,.00047883307,-.00014804538,-.00016149115,.00074047176,-.000072264331,-.00017093096,.0004664388,-.000043467389,.00081209949
1972m6,.0014351816,.00043820252,-.00016110657,-.00014764535,.00076721294,-.000032152351,-.00014837585,.00054948934,-.000031150106,.00075715629
1972m7,.0014156145,.000390481,-.00011846836,-.00015221874,.00067025347,-.000036942551,-.00012847467,.00058532687,-.000041729829,.00071992422
1972m8,.0013219246,.00039468514,-.00011525302,-.00014888855,.00072156638,-.000046252771,-.00014050315,.00050956669,-.000032580778,.00069724978
1972m9,.0012978313,.00033518864,-.000057023972,-.00020491118,.00088250497,-.00016795959,-.000054977882,.00076075899,-.00014134932,.00082267099
1972m10,.0012320431,.00033803613,-.000060942602,-.00016882119,.00086845946,-.00015345818,-.000023566052,.00063898478,-.00012404173,.00080871262
1972m11,.001143713,.00031640308,-.000062356805,-.00015422016,.00085924758,-.00015389617,6.4251112e-06,.00056520582,-.0001200272,.00080055941
1972m12,.0012409624,.00026940173,.000039036357,-.00017525977,.0007607009,-.00018699245,.000012342837,.0008201811,-.00015663727,.00076269079
1973m1,.0011513504,.00024896106,.000023780967,-.00015850758,.00071824569,-.00015100311,6.2800509e-06,.0007780192,-.00014417357,.00071597128
1973m2,.0012352591,.00033325361,-.000038768103,-.00010364567,.00081625493,-.0001914457,.00004582126,.00075042446,-.00015675095,.00072471885
1973m3,.0014631295,.0004716308,-.000087109438,-.000048508427,.00094592414,-.00021105618,.000079489808,.00066572754,-.00014935878,.00071418396
1973m4,.0013798698,.0004636352,-.0001138388,-.000028211996,.00093217124,-.00023540482,.000099625868,.00067577313,-.00016317684,.00071374024
1973m5,.0016915558,.00061337103,-.00034924291,-.00010329983,.0010352001,-.00038880031,.000052627114,.001052723,-.00010979353,.00071901764
1973m6,.0016716802,.00075387955,-.00030889187,-.000082183491,.0014309987,-.00037712589,.000080020131,.00085918844,-.000092387752,.00068652519
1973m7,.0015707093,.00070283195,-.00028615684,-.000034058663,.0013117995,-.00033850985,.00013158869,.00073615863,-.00010719884,.00082692353
1973m8,.0016478925,.00095219759,-.00044736205,-.000039080347,.0019689179,-.00064686342,.00012684647,.0010768113,-.00010354882,.0007646684
1973m9,.0017108923,.00088419404,-.00041805441,-.000066816603,.0016593206,-.00053623767,.000097475095,.00089328556,-.000082418861,.00073110685
1973m10,.001741511,.00084775948,-.00034780995,-.000035294197,.0014734745,-.00044155482,.00010130378,.00079650525,-.000060250939,.00070852198
1973m11,.0016037846,.00072558993,-.00031944388,3.5118569e-06,.0012141073,-.00036961166,.000098083932,.00070265954,-.000096045973,.00095750613
1973m12,.0033677213,.0015725901,-.00067892554,.00026184157,.0018885121,-.00058100279,.00023975258,.00082473148,-.00015674197,.00098949461
1974m1,.0029788478,.0014414676,-.0006495468,.00022617522,.0019554824,-.00067087321,.00027191197,.00094614265,-.00019274077,.00095044251
1974m2,.0026507683,.001488965,-.0006798089,.00019889831,.0029773579,-.00054000079,.00093257596,.0012881582,.00011226735,.0020438454
1974m3,.0023748893,.0012407753,-.00060061476,.00015561984,.0023715862,-.00044452542,.00076517888,.0011262171,.00012472982,.0018759712
1974m4,.0022492183,.001047775,-.00051462109,.000085223466,.0019892957,-.00036549204,.00068012113,.0009162529,.00010119948,.0017803696
1974m5,.0023877968,.00094726327,-.00048446341,.000032373075,.0016195703,-.0003011646,.00054853578,.0007661758,.000088837434,.0015522656
1974m6,.00243286,.00092867669,-.00040424024,-.000099811936,.0014659016,-.00024248498,.00043724172,.00072279491,.000029105409,.0017370308
1974m7,.0023004927,.00080382772,-.00036510051,-.000074231524,.0012083454,-.00020260869,.00035702166,.00061395392,.000021770651,.0014984937
1974m8,.0028614544,.00072871975,-.00066128338,-.000039804152,.001019109,-.0001883224,.00029159395,.00092725904,2.2736546e-07,.0013024978
1974m9,.00360247,.00073073525,-.00074906304,.00011512484,.00087168347,-.00017220213,.00026494751,.00085291587,-.000034208773,.0013016096
1974m10,.0048179319,.00071041094,-.0011816369,.000010982843,.00075032882,-.00016986,.00022548067,.0011614158,.000012511129,.0011809708
1974m11,.0068088826,.00053093239,-.0024224853,-.00059359323,.00084096461,-.000016957609,.00039733201,.0025010381,.00049534417,.0018131423
1974m12,.006214113,.00049920153,-.0020073899,-.00047523479,.00074873987,-.000020143654,.00035510882,.0019603239,.00040645091,.0016522647
1975m1,.0055992357,.00059201586,-.0016632831,-.00043066687,.0010044336,-.000024011761,.00031011296,.0015486121,.00032668319,.0014392466
1975m2,.0067315493,.0015655434,-.0014926698,.00012805435,.002587727,.00046946708,.0012144904,.0022586626,.00085184287,.0026042575
1975m3,.0061352206,.0013226665,-.0014132452,.00015280976,.0020716016,.00037913106,.00098751194,.0021243198,.00069283944,.0022939676
1975m4,.0054032565,.0011820073,-.0011757079,.00016808345,.0018725846,.0003280293,.00095036358,.0017509939,.0006362088,.002306357
1975m5,.0048707323,.00099519687,-.0010051342,.00013180591,.0015256891,.00025254147,.00076279044,.0014163222,.00050975266,.0019279527
1975m6,.0044981753,.00096632249,-.0010012664,.00005649251,.0014597203,.0001666617,.00063164509,.0014249294,.00051051535,.0017690061
1975m7,.0041438318,.00084107294,-.00083627726,.000015192593,.0012098227,.00012787723,.00051500346,.0011606113,.00040986465,.0015487997
1975m8,.0041978075,.0007054889,-.00078338123,.000041547639,.0011090988,.00011419355,.00042861135,.00097672862,.00033230559,.0013495464
1975m9,.0038185716,.00068973814,-.00065961079,.000051399726,.0010875422,.0001051438,.00039807183,.00082039979,.00028319086,.0012042559
1975m10,.0036179023,.00060870789,-.00057646132,.000080583384,.0009166181,.000079661484,.00033784664,.00068316364,.00023709793,.0011106789
1975m11,.0034336457,.00050975033,-.00050379918,.00028299034,.001026765,.000064915694,.00019537263,.00057874114,.00024530166,.0018947949
1975m12,.0030813629,.00043802944,-.0004386676,.00026361627,.00089220231,.000041798547,.0001518826,.00055057602,.00023792119,.001723549
1976m1,.0027838983,.00039442201,-.00041083927,.00022294324,.00077555369,.000025774143,.00012748202,.00051690068,.00020076027,.0014720459
1976m2,.0039154957,.00074890006,.00011186818,.00028218151,.0010017056,.00030409097,.00015111371,.0015663623,.00030971898,.0012948035
1976m3,.003450287,.0007816237,.000080738355,.00025750455,.0015545789,.00050096639,6.9538733e-06,.0017430618,.00021087877,.0013974209
1976m4,.0030825627,.00066150771,.000048279155,.00020409864,.0012976299,.00038960113,.000013638977,.0013841096,.00017422694,.0012613978
1976m5,.0027799068,.00056888052,.000026721946,.00019629241,.0010780218,.00030297137,.000011993062,.0011118312,.00014778058,.0011850171
1976m6,.0025134054,.00050786632,.000019562531,.00021484753,.00093392085,.00025077828,.000034246728,.00094082969,.00015780429,.0012919678
1976m7,.0023737564,.00043358831,.000010532211,.00016568731,.00082690624,.00019925361,.000035082394,.00077799725,.00012898109,.0011465499
1976m8,.0021540443,.00038034897,-.000012857225,.00016942489,.00071608776,.00016427721,.000027192937,.00068860536,.000094644922,.0011492921
1976m9,.0019499502,.00036022087,-.000024279743,.00013663205,.00069199892,.00013271641,.000012507867,.00058799185,.000083023806,.0010363354
1976m10,.0017839882,.00032123667,-.000033782773,.00010259882,.00061149825,.00010801181,.000011181165,.00050997251,.000076223383,.00098091201
1976m11,.0017146965,.00029068859,-.000034335895,.000084651503,.00054988649,.0000883584,9.4052784e-06,.00044868668,.000065503045,.00088548684
1976m12,.0015589441,.00027375869,-.000040958192,.000077150144,.00057742192,.00009315776,-.000027600912,.00042849829,.000041673266,.00092279515
1977m1,.0017001305,.00036339505,7.4805089e-06,.000024226354,.0006477554,.00011838139,-.000050612176,.00045045532,.000023245122,.00087090291
1977m2,.0017761856,.00025919135,-.00011410061,.0001118702,.00089916697,.00025074987,-.00015154581,.00066580274,-.000059623337,.00095944828
1977m3,.0016800755,.00022423771,-.00011101302,.00011544322,.00078638928,.0002047069,-.00013822599,.0005667829,-.000052533145,.00089772884
1977m4,.001569574,.00019716902,-.00011324169,.000092095121,.00069668476,.00017254957,-.00011712599,.00050132908,-.000042624968,.00082505756
1977m5,.0014357173,.00018118045,-.00012665671,.00009022656,.00061547989,.0001564429,-.00010414877,.00060895638,-.00010495937,.00091091311
1977m6,.0013634567,.00015893664,-.00012487963,.000062796433,.0005710363,.00013306447,-.000085233827,.000528668,-.000086292443,.00085180998
1977m7,.0014394011,.00020761794,-.00013855609,.000091985799,.00057985861,.00010660122,-.000061318962,.00047248861,-.000081886057,.00081582193
1977m8,.0013772722,.00017476211,-.00012166183,.000083439299,.00058665336,.000083646366,-.000060156388,.00042878481,-.000070083246,.00075708248
1977m9,.0013268501,.00014904269,-.000088182154,.000037893209,.00056081818,.000053803735,-.000034773439,.00052746688,-.00011704764,.00079820497
1977m10,.001232938,.00013666091,-.000082354491,.000027234881,.00053804548,.000038372818,-.000026165537,.00046770682,-.0001040584,.00074834365
1977m11,.0014087075,.00010241409,-.00012812513,.000071650436,.00051376584,.000039783063,-.000035000216,.00045152425,-.00010745675,.00073472719
1977m12,.0014208015,.00018859975,-.00011946745,.00006113881,.00066428387,.000037227623,-.000035949142,.00040310717,-.000093985895,.00069175533
1978m1,.0013069184,.00017398426,-.00011239586,.000053700001,.00061313406,.000025104942,-.000039381641,.00037055404,-.000080895625,.00067021017
1978m2,.0016743912,.000096938915,-.00026208002,.000045619356,.00061777857,.000060218175,-.000035695793,.00049252843,-.000079504433,.000641094
1978m3,.0015651096,.00006726406,-.00024293005,.000045538989,.00073098554,.000062692663,-.000049331564,.00043966432,-.000072319446,.00062358333
1978m4,.0014850433,.00011473334,-.00021279696,.000054444194,.00080721371,.00007249989,-.000023458264,.0004120997,-.000057901165,.00062199542
1978m5,.0019325153,.00013063879,-.00041420458,.00019889172,.00070155074,.000059949358,-.000016462425,.00058671739,-.00013919442,.0007167618
1978m6,.0017604597,.00016708055,-.00036952997,.00017791068,.00091124466,.000033306926,2.6633363e-06,.00051604072,-.00012399949,.00068389036
1978m7,.0016531561,.0001412495,-.00033370953,.00015093997,.00081838435,.000026165064,5.7128600e-06,.00045404016,-.00010716156,.00065434026
1978m8,.0017254878,.00014137066,-.00034461837,.0002023407,.00070939597,.000016745873,7.2951093e-06,.00043065124,-.0001158974,.00069475541
1978m9,.0016753437,.00024321086,-.00032580574,.00016990353,.00099184329,-7.0029200e-06,-.000011085671,.00039397433,-.00010040027,.00066430616
1978m10,.001568061,.00022400469,-.00032456571,.00019239272,.00084566191,-.000014681827,-2.5057982e-06,.00040365144,-.00012938752,.00075737567
1978m11,.0031071005,.001255472,-.00044231181,-.00013787641,.0021704983,-.000099578123,-.00029971745,.00038796157,-.000094104325,.00091003906
1978m12,.0028034651,.001105562,-.00044921058,-.00017018645,.0018755554,-.00012681162,-.000320355,.0004459584,-.000033493441,.0010335414
1979m1,.0024949347,.00093510433,-.00042691579,-.00015044359,.0015431923,-.00012945905,-.00026716091,.00048848015,-.000026989261,.00092736958
1979m2,.0023716274,.00089968788,-.00036824791,-.00016038655,.0014560744,-.000092886301,-.00025831981,.00049729686,-.000039131493,.00086646184
1979m3,.0023070588,.00077848393,-.00035556397,-.000085234955,.0012019905,-.000081227721,-.00023209727,.00045291201,-.000053115164,.00093435339
1979m4,.0023462537,.0007898492,-.00035107232,-.00010696711,.0011454569,-.00008816905,-.00022112098,.00041496276,-.000041279916,.00086321065
1979m5,.0021055366,.00068770838,-.00031932376,-.00010083305,.0010240696,-.000073421506,-.00018170838,.00038713295,-.000030383522,.00081105722
1979m6,.0019779424,.00059594814,-.00032705269,-.000056965913,.00087052217,-.000065640997,-.00016628555,.00040115946,-.000056519246,.00084440305
1979m7,.0018991817,.00054755528,-.00028455118,-.000090127338,.00076681329,-.000055352251,-.00015773386,.00039074724,-.000066722743,.00083390891
1979m8,.0017175446,.00048633377,-.00026293899,-.000086180204,.00068961026,-.000045079167,-.00015273901,.00039165307,-.000079449448,.00082573015
1979m9,.001823519,.00051042059,-.00030363744,-.000054228305,.00066764705,-.000063416082,-.00012691111,.00040209343,-.000082757026,.00077742559
1979m10,.0016730325,.00045510914,-.0002707791,-.000038733011,.00059403386,-.000058039197,-.00010983964,.00038370158,-.000063314495,.00076414022
1979m11,.0023315717,.00066135952,-.0001794874,-.000023719973,.00070243393,-.000021389205,-.000099203382,.00041995061,-.00005429058,.00071632891
1979m12,.0023182703,.00068559637,-.00027924683,-.00022838512,.00072291592,-.000080127655,-.00022860004,.00056890177,.00012933109,.0013421377
1980m1,.0020927046,.00069230213,-.00027292391,-.00021216038,.00088149629,-.00013213122,-.00025942473,.00057014683,.00013718096,.001223159
1980m2,.0021437728,.00066695793,-.00022032132,-.00020032808,.00079361541,-.00010824643,-.00022409577,.00053637027,.00011622872,.0010770721
1980m3,.0019619821,.00061284384,-.00020262436,-.00018926556,.00074083573,-.00010154699,-.00020827261,.00046999569,.00010243231,.00098409923
1980m4,.0037215408,.0013894594,-.00012828321,-.00039842346,.0013015204,-.000065216358,-.00032516624,.0004415607,.00007621877,.00096761622
1980m5,.0034060159,.0012006559,-.00011171766,-.00037666896,.001092369,-.000056855908,-.00028195101,.00040677917,.000060584272,.00090502406
1980m6,.0032465269,.001106035,-.00010474494,-.00036643093,.00098137627,-.000051540828,-.00025775522,.00036965811,.000051801318,.00084634119
1980m7,.0029405684,.0009807382,-.00011570652,-.00031889838,.0008714635,-.00005802271,-.00021934744,.00035872974,.000042931464,.00078460324
1980m8,.0029862789,.0010806344,-.00039308559,-.00033353365,.0010019157,-.00026657159,-.00023910412,.0010011012,.00011436156,.00075237954
1980m9,.002666981,.0010200031,-.00037038131,-.00029330063,.0010640491,-.00029619058,-.00020852173,.00094727002,.000093025919,.00071320293
1980m10,.002404432,.00088095648,-.00040717842,-.00025619427,.00090749923,-.00030330813,-.00017704951,.0011730309,.000066015986,.00068905763
1980m11,.0021535447,.00079091842,-.00037265517,-.00022993436,.00086099393,-.00030059056,-.00013573824,.0010860449,.000030513713,.00071759243
1980m12,.0028061436,.00066260528,-.00090234645,-.00011318056,.00092105853,-.00020837759,-.00017529017,.0020398344,-.00008507452,.00074829458
1981m1,.0027756754,.00059904624,-.00083737605,-.00016801496,.00078948669,-.0001803621,-.00015880595,.0017070067,-.000049890587,.00077078666
1981m2,.0028093406,.00050320337,-.0010066138,-.00026622042,.00081108249,-.00010745912,-.000097000971,.0020574927,.000064255211,.00087475864
1981m3,.0024990395,.0004401016,-.0008369803,-.00023489831,.00070509338,-.000094307703,-.000082770945,.0016315253,.000052002677,.00080468867
1981m4,.0023275241,.00047684452,-.00070383144,-.00019505857,.00080026389,-.000083516818,-.000055477885,.0013023284,.000046232275,.00076559448
1981m5,.0021622321,.00041722943,-.00063424819,-.0001530825,.00096932193,-.000047555634,-.00010225511,.0011166048,.00002323439,.0007626554
1981m6,.0019453738,.00036948978,-.00053698703,-.00013549364,.00087908265,-.000049638351,-.00011952435,.0009136353,.000028048309,.00080700428
1981m7,.0018495466,.00034412066,-.00061075517,-.0002248368,.00076772895,-.000073478011,-.00013960079,.0011390222,.00017817615,.0010994176
1981m8,.0017226335,.0003416999,-.00051723787,-.00018111849,.0007430382,-.000060979502,-.00010335541,.0009354371,.00015628262,.0010304444
1981m9,.0021870937,.00042038737,-.00073201122,-.00014264777,.00070979272,-.00010804417,-.000083755287,.0011115469,.00013220277,.00093197834
1981m10,.0026092851,.00053090043,-.00094761857,-.00059225201,.00073305407,-.00017655478,-.00024174333,.0012987509,.00040567791,.0018448356
1981m11,.0025290099,.00053254049,-.00097470108,-.00056831451,.00070523995,-.00020915418,-.00023405306,.0013535474,.00040868635,.0016470931
1981m12,.0023409266,.00046416529,-.00081906992,-.00046817536,.00063724455,-.00018724022,-.00024406955,.0011333816,.00040311046,.001835853
1982m1,.0022887662,.00040470622,-.00071723486,-.00040058937,.00058714853,-.00015880879,-.00021014895,.00092537515,.00032472139,.0015605261
1982m2,.0022085055,.00040041626,-.00070904393,-.00031758856,.00055741484,-.00016649015,-.00016996959,.00090042327,.00025837182,.0014249347
1982m3,.0024281386,.00036770248,-.00097044744,-.00024387649,.00051020988,-.0001632627,-.00015072816,.0012919245,.00021407912,.0012728488
1982m4,.0022360156,.00033866521,-.00091225869,-.00026440874,.00047244492,-.00015580055,-.00014222975,.001245158,.00025070779,.0012914567
1982m5,.0020838804,.00033812536,-.00084608339,-.00027181601,.0004724382,-.00016569528,-.00015059058,.0011483368,.00025465549,.0012299099
1982m6,.002100013,.00030904324,-.00077724486,-.00030122005,.00044464509,-.0001439105,-.00012969038,.00097385811,.00023243268,.0011578818
1982m7,.0020342467,.00029962504,-.0006994587,-.00036725949,.00042408588,-.00013151301,-.00013434717,.00082687085,.0002336242,.0012817406
1982m8,.0019857232,.00026840586,-.00060808501,-.00029542425,.00041369724,-.00011783159,-.00012871066,.00068770873,.00019613441,.0011738309
1982m9,.0029873529,.000010594343,-.00055001955,-.00034694007,.00065021508,-.00014417863,-.00010428283,.00059688161,.00016205246,.0010490911
1982m10,.0026573697,.000032085143,-.00047524206,-.00030822755,.00069382734,-.00013136321,-.000042991767,.00051338493,.00014799487,.0011309627
1982m11,.0036010223,.0001714377,-.00076812418,-.00056871912,.00068894465,-.00018742129,-.000093952898,.00068757555,.00025174438,.0012599721
1982m12,.003358603,.00027629643,-.00073161168,-.00049059419,.00092952518,-.00024404778,-.000081010963,.00065540324,.00021512047,.0011067808
1983m1,.0029710238,.00024686122,-.00062573288,-.00044398804,.00079524139,-.00020570289,-.000067888475,.00055800093,.00019216405,.001141751
1983m2,.0027356707,.00027005078,-.00056740426,-.00051006122,.00079055701,-.00019988359,-.00014349565,.000501075,.0002120359,.0014226945
1983m3,.002478973,.00028824495,-.00049432064,-.00048677885,.00083222456,-.00017735189,-.00018586793,.00044391313,.00017903115,.001390837
1983m4,.0022688708,.00028090287,-.00043867115,-.00040425803,.00076187396,-.00014903232,-.00013761842,.00045286116,.00020094495,.0013883073
1983m5,.0024322614,.00027865509,-.00039625532,-.00028647858,.00066844735,-.00013030774,-.00011354455,.00040631706,.00018369037,.0013489494
1983m6,.002175054,.0003021236,-.00036445129,-.00024996931,.0011294817,-.00020510232,-.00006883435,.00040804845,.00015269202,.0012027157
1983m7,.0020203905,.00027881862,-.00044408947,-.00022649781,.00095837022,-.00022653195,-.000059910002,.000630225,.00016802791,.0010637346
1983m8,.0020533758,.00023085093,-.00063015416,-.00031993195,.00084503728,-.00020105003,-.000027792299,.00099912996,.00031778647,.0011799949
1983m9,.0018620136,.00025551219,-.00065729907,-.00031427771,.0010047022,-.00033614814,-.00011343806,.0012690555,.00042555961,.0012372147
1983m10,.0016862232,.00022921995,-.00055626786,-.00027246535,.00085574685,-.00027576377,-.000094228555,.0010354171,.00035025529,.0010896055
1983m11,.0017075804,.00030506312,-.00065278524,-.00038034341,.00093264767,-.00036724893,-.00019197584,.0012160135,.00048551799,.0013091504
1983m12,.0015789992,.00029264114,-.00056222919,-.00044796203,.0008525303,-.00031628858,-.00026293533,.00099416345,.00048840925,.0018678061
1984m1,.0015017047,.00026783167,-.00050781755,-.00045449266,.00073691003,-.00026913427,-.00023564456,.00084986136,.00044657144,.0018276699
1984m2,.0014425947,.00025054827,-.00069118571,-.00050802232,.00064960186,-.00031899408,-.00023014566,.001576164,.00076726853,.0020399287
1984m3,.0016378037,.00029689609,-.00071498216,-.00046338094,.00062410347,-.00030739504,-.00020005583,.0014099836,.00064332195,.0017184318
1984m4,.0014923631,.00026788266,-.0006025784,-.00039692826,.00055911846,-.000257504,-.000168988,.0011317887,.00051647722,.0014646612
1984m5,.0013804074,.00025570884,-.00052206137,-.00034576227,.00053203234,-.00022894575,-.00014893543,.00093665678,.00042402383,.0012670538
1984m6,.0017318976,.0002523385,-.00048176659,-.00039286731,.0004882114,-.00019644199,-.00013069021,.00077108422,.00035363474,.0011569097
1984m7,.0015896249,.00023094783,-.00046036963,-.00034881767,.00045653427,-.00017801546,-.00011309006,.00076992245,.00032542326,.0010327676
1984m8,.0015694008,.00027298325,-.00040951453,-.0003357532,.00050533272,-.00016643998,-.00012148057,.00064533629,.00027552439,.00094700773
1984m9,.0024426875,.00026531145,-.00052304316,-.00052936404,.00046911425,-.00014928835,-.00010620239,.00061343942,.00028388467,.0009876847
1984m10,.0022044829,.00024390084,-.0005870192,-.00048361361,.000440081,-.00015691115,-.000093903152,.00093650183,.00035504141,.00094366889
1984m11,.0020009989,.00023990334,-.00050314731,-.00042021071,.00044108831,-.00014194466,-.000078019468,.00077234011,.00029653218,.00086946372
1984m12,.0018633169,.00023419087,-.000530563,-.00038896714,.00042483909,-.00015577108,-.000074988195,.00088251714,.00030421346,.00081406347
1985m1,.0017030882,.00021541167,-.00045746804,-.00035254969,.00041212904,-.00013706215,-.000064709267,.00073190191,.00025918733,.0007639135
1985m2,.0021372375,.00039349246,-.00076276343,-.00044556108,.00054445863,-.00028237226,-.00011385337,.0011118618,.00035191656,.0007792844
1985m3,.0019258598,.00035741058,-.0006447449,-.00039810338,.00050491054,-.00024181408,-.000094259856,.00090583926,.00030004885,.00080014009
1985m4,.0017615797,.00033807746,-.00063484145,-.00038986324,.00048849429,-.00025727469,-.00010970465,.00098389073,.00034974515,.00085560413
1985m5,.0016242329,.00030843937,-.00061282981,-.00038599526,.00045477066,-.00023877843,-.000099875331,.0010033554,.00038513378,.00091218739
1985m6,.001698695,.00024559445,-.00056550256,-.00038720158,.00050664047,-.00020604549,-.000075092779,.00083892565,.00033189368,.00085369934
1985m7,.0015497336,.00022838308,-.0004842612,-.00034287298,.00047215194,-.00017797606,-.000066729561,.00069886982,.00027961875,.00078521227
1985m8,.0014354307,.00020459118,-.00042376993,-.00029903126,.0005542548,-.00019936582,-.000092940922,.00064491545,.00026413728,.0007645638
1985m9,.0013459998,.00019401361,-.00040342484,-.00029452008,.00050774164,-.00018507702,-.000089358808,.00061673881,.00026440527,.00077504455
1985m10,.0015231762,.0002452879,-.00040495058,-.00029668745,.00050890108,-.00017789099,-.000087871951,.0005483132,.00023413669,.00072857999
1985m11,.001520635,.00020452845,-.00035602559,-.00020176939,.0005093175,-.00016623283,-.00013452129,.00048164517,.00023436261,.00093679817
1985m12,.0017648711,.00020691878,-.00047585843,-.00018912418,.00047104456,-.00016689872,-.00011805417,.00057923206,.0002232089,.00085051893
1986m1,.0017182042,.00018700444,-.00046496312,-.0002195753,.00044592176,-.0001481076,-.000099571691,.00054946641,.00022556918,.00086073717
1986m2,.0015614755,.00017846,-.00040704437,-.00019670597,.00044110874,-.00013207356,-.00008067106,.0004791822,.00019828041,.00081740029
1986m3,.0018867682,.00015302909,-.00043102089,-.00019834311,.00042566509,-.00011749738,-.000071592724,.00044363859,.000176395,.00075747777
1986m4,.0019044487,.00013733708,-.0004097785,-.00011786398,.00041113791,-.00010625855,-.000079510173,.00040362467,.00015062086,.00083261245
1986m5,.0017599009,.00011075444,-.00037957809,-.00010043334,.00050645822,-.00017759099,-.00008953904,.0005190004,.00016146897,.00077527546
1986m6,.0017721781,.000081818835,-.00035031274,-.000056449106,.0004960628,-.00015757071,-.000097266304,.00045534404,.00013933299,.00076412491
1986m7,.0016099544,.000080863094,-.00031491191,-.000045398025,.00047410445,-.00015136084,-.00012475993,.00042834136,.00016783927,.00099362794
1986m8,.00199912,.00025490081,-.00057699619,.000023054448,.00061601488,-.00029719886,-.000081726015,.00071770372,.00012654405,.00093767757
1986m9,.0021259414,.00013917385,-.00048457173,-.000054907374,.00081458775,-.00038991231,-.000014224932,.00077952439,.000076805845,.00093728822
1986m10,.0028166072,.00004683033,-.00063141994,-.00026412445,.00077672862,-.00033032891,.000033830336,.00079438923,.00013469554,.0010540873
1986m11,.0026836833,9.9027566e-06,-.00058608834,-.00021214393,.00077157514,-.00027716591,.000011051101,.00070026261,.0001060197,.00096892868
1986m12,.0023947605,.000016998751,-.00050367543,-.00020448997,.00073002826,-.00023842677,.000044779281,.00059246889,.000097338452,.0010196326
1987m1,.0023020566,.000027398846,-.0004487228,-.00015976332,.00064069993,-.00020390537,.000037867641,.00050998869,.000082379665,.00094220747
1987m2,.0035795087,-.000079731944,-.00073751085,-.00076501019,.00062252069,-.00016974243,.00012699328,.00062644231,.00025575474,.0015918458
1987m3,.0033163952,-6.5689795e-07,-.00093791116,-.00076375954,.00072762195,-.00034097064,.000045153527,.0011400724,.0004345878,.0016139545
1987m4,.0029467423,.000014397093,-.0007920668,-.00066721922,.00064016227,-.00028592619,.000034924415,.0009587942,.00035048614,.0014421513
1987m5,.0026948999,.000047320333,-.00067096564,-.00056206534,.00061683339,-.000243738,.000070626869,.00079201703,.00031437306,.0015049654
1987m6,.0024030923,.000054465505,-.00057136908,-.00048153286,.00055854028,-.00020827113,.000058007652,.00066129642,.00025827327,.0013005839
1987m7,.0022709088,.000024508914,-.00049204746,-.00039729153,.00058257964,-.00019904815,.00002702894,.00057391101,.00022858997,.0011981908
1987m8,.0021509263,.00002250109,-.00042887483,-.00034975845,.00053421158,-.00017626595,.00002282061,.00049985404,.00019308773,.0010558864
1987m9,.0020258534,.000019421263,-.00040290412,-.00043886321,.00049959921,-.00015460506,.000050334209,.00045933592,.00022357836,.001409243
1987m10,.0019337949,.000020899228,-.00036352518,-.00038075377,.00046631444,-.00013845362,.0000423946,.00040871376,.00018945189,.001222401
1987m11,.0078365617,.001916043,-.001238373,-.0012531009,.0014822866,-.00048101344,-.00025528719,.00062895339,.00032830978,.0013970901
1987m12,.0075675342,.0016735407,-.0012654954,-.0010768544,.0013250945,-.00041453331,-.00024148868,.00066977559,.00027300898,.0012740069
1988m1,.0070038745,.0014433169,-.001396382,-.00094799278,.0010990582,-.00040529421,-.00019998437,.00091038027,.00027461193,.0011163877
1988m2,.0062445733,.0012308273,-.0013207271,-.00082012604,.00093347975,-.00040548577,-.00018657744,.0011444117,.00036093057,.0011436956
1988m3,.0056372783,.0011795154,-.0011606429,-.00071781618,.00095350959,-.00038611176,-.00017163873,.00098265451,.000304674,.0010138697
1988m4,.0050163832,.0011542285,-.00098515349,-.00061770261,.0013490297,-.00036819378,-.00025753886,.0008109195,.00025458427,.0009974651
1988m5,.0043955394,.00097832736,-.00084798579,-.00055265462,.0011289595,-.00030483471,-.00023294381,.00071071379,.00020599387,.00099492224
1988m6,.0038702162,.00087525143,-.00075781567,-.00047915592,.0010550963,-.00029699158,-.00019600667,.00066867738,.00017360442,.00090407318
1988m7,.0036006009,.00081038615,-.00069090072,-.00046088584,.00095207349,-.00026919498,-.00018769887,.00059445773,.00016192385,.00086117449
1988m8,.003214997,.00070083723,-.00063871016,-.00039914527,.00081283681,-.00024043434,-.00016047174,.00057973631,.00013064407,.00082249002
1988m9,.0030102057,.00061930186,-.00061258348,-.00042297589,.00070447708,-.000213073,-.0001438466,.0005565972,.00014992489,.00087124889
1988m10,.0027508778,.00054179964,-.00054955058,-.00036567598,.00064660964,-.00018313284,-.00013315928,.00049479125,.00012627379,.00081093103
1988m11,.0024522527,.00050498964,-.00048966421,-.00032478583,.00070421584,-.00019775493,-.00016124066,.00047065961,.00013185859,.00081050728
1988m12,.0022807368,.00048292606,-.00045537451,-.00028427425,.00066771737,-.00018845523,-.00013916533,.00043563618,.00011353373,.00075544731
1989m1,.002053644,.00044682127,-.00042637557,-.00029882541,.00064348604,-.00019328723,-.00018659895,.00043875282,.00016309517,.00099570712
1989m2,.0021763362,.00037695855,-.00038823145,-.00031096299,.00064412551,-.00018070221,-.00015504264,.0003947748,.00013987864,.00091795751
1989m3,.0020411946,.00032586008,-.00036289281,-.00026974469,.00067956327,-.00016122157,-.00015125715,.00036708018,.00012107799,.00084076315
1989m4,.0018494333,.00029572222,-.00032602681,-.00025271205,.00060817448,-.00014346991,-.00014047038,.00033985279,.00010591476,.00082110218
1989m5,.0018248868,.00026334208,-.00034932798,-.00027925827,.00055313704,-.00012971504,-.00011883238,.00036169711,.00012282192,.00082402525
1989m6,.0017352825,.00024225876,-.00033909467,-.00032799164,.00050460157,-.00011910005,-.00010968791,.00035102287,.00014256951,.00096823793
1989m7,.0016161792,.00023748512,-.00034673978,-.00039615665,.00048394559,-.00012899091,-.00015062744,.00038781832,.00022968376,.0013825065
1989m8,.0019436637,.00010055307,-.00049429649,-.0003086185,.00069353118,-.00006315131,-.0001952239,.00049922214,.00018849055,.0012537749
1989m9,.001763052,.000099292374,-.00043291508,-.00026720195,.00061528775,-.000057087858,-.00016554484,.00044347381,.00016089265,.0011010774
1989m10,.001619306,.000095534437,-.00038594502,-.00022222406,.00055297598,-.000056453748,-.00016366143,.00043330793,.00020329517,.0013662677
1989m11,.0016705026,.00018451179,-.00033509458,-.00024272552,.00066885276,-.000035730212,-.0001896371,.00041213739,.00016711737,.0012390959
1989m12,.0015225853,.00016956395,-.00031021138,-.00022154771,.00061840803,-.000027443935,-.00015292277,.00039965226,.00016524682,.0011606574
1990m1,.0013969104,.00015816337,-.00027928321,-.00019232536,.00064379809,-.000030676118,-.00016080047,.00036345483,.00014504862,.0010653145
1990m2,.0020483867,.00023013547,-.00031937487,-.000010798147,.00060065242,-.000036208447,-.00012216426,.00034286664,.00012039332,.0011458583
1990m3,.0018481358,.00021426228,-.00028942741,-.000021971304,.00055445812,-.000033899065,-.00012899059,.00032292309,.00010232157,.0011862899
1990m4,.0016897744,.00021031585,-.00031938709,-.000040242521,.00053602218,-.000067514273,-.00013972748,.00045575615,.00016068373,.0011642067
1990m5,.0017037942,.00021189313,-.00026008618,-.00015251752,.00049596594,-.000059325532,-.00015020957,.00052519649,.000078677069,.001405581
1990m6,.0022081879,.00010810498,-.0004744484,-.000214058,.00056060293,-2.7255833e-06,-.00011577922,.00070272974,.00011200878,.0012575532
1990m7,.0020124859,.000096428499,-.00041337468,-.00020446698,.00053708436,-.00002194144,-.000089655332,.00066622917,.000079501835,.0011531705
1990m8,.0018804363,.00014630693,-.00036066223,-.00025320196,.00064699072,-.000021594187,-.00018241136,.00056640926,.0000673861,.0013184749
1990m9,.0029368887,.00040234579,-.00045524436,-.00048810692,.00076974707,-.000053316289,-.00025410485,.00052272109,.000087821805,.0013486379
1990m10,.0030907092,.00052387011,-.00043767603,-.00049866573,.00087393017,-.000064462562,-.00026883508,.0004614903,.000079756668,.0012173014
1990m11,.0028080177,.0005998931,-.0003894101,-.00041963544,.0012059645,-.000071685528,-.00020991248,.00041037926,.000068215028,.0011227968
1990m12,.0028548394,.00054329203,-.00050580164,-.00044398793,.0010081693,-.000077335339,-.00018084895,.00054445729,.00010983946,.0010620035
1991m1,.0025759547,.00047916392,-.0004713402,-.00044195051,.00086288591,-.000077415694,-.00017460551,.0005219414,.00013671532,.0011412739
1991m2,.0024795267,.00053386006,-.00047957446,-.00068898289,.00094489427,-.00011714378,-.00040313619,.00052165933,.00026421511,.0021550739
1991m3,.0026841143,.00065147917,-.00046882452,-.00071171275,.0010234874,-.00012536174,-.00041636531,.00046441882,.00023474415,.0019301698
1991m4,.0024372947,.00064305105,-.00043852138,-.00062238891,.0010795506,-.0001482183,-.00039577082,.00044499326,.0002126488,.0016632985
1991m5,.002187321,.00055256905,-.00039967321,-.00053313153,.00091271708,-.00012886764,-.00032518723,.00042086333,.0001860098,.001425618
1991m6,.0020648467,.00048216709,-.0003741791,-.00048596048,.00078382052,-.00011292706,-.00027081813,.0003883497,.00016570753,.0012608652
1991m7,.0021865699,.00044253474,-.00038392181,-.0004974599,.00068212941,-.00010223495,-.00023205677,.00037018221,.00015683231,.0011586411
1991m8,.0021074349,.00038578981,-.00038987992,-.00042324612,.00061884889,-.000088218774,-.00020645911,.00037481193,.00013212198,.0010434319
1991m9,.0019282834,.00036537607,-.00036444797,-.00038910625,.00058863161,-.000091524118,-.00019658879,.00035970955,.00012693966,.00097182818
1991m10,.0017925961,.00032066999,-.00032391326,-.00034686286,.00056714681,-.000097779164,-.00017246661,.00035473655,.00011199925,.0008789642
1991m11,.0016307216,.00029474864,-.00029748681,-.00030535928,.00052527367,-.000093749615,-.00014669873,.00033550023,.000094757423,.00084911363
1991m12,.0017306723,.00029399636,-.00023813666,-.00044050411,.00048720615,-.000085536361,-.00015723017,.00038467665,.000032405729,.0010785599
1992m1,.0026989807,.00017372896,-.000599324,-.00086155318,.00053095061,-.000029446683,-.000079984682,.00063614332,.00020975532,.0014265294
1992m2,.0024189563,.00015586508,-.00062240718,-.00082096783,.0015058718,.00022207806,-.0005718515,.00083741959,.000048190002,.0020183595
1992m3,.0021663422,.00014541381,-.00064326072,-.00074849947,.0012477803,.00023488409,-.00050770555,.0012995277,-.000094436022,.0020189006
1992m4,.0020586401,.0001508156,-.00063391705,-.00063888094,.001056955,.00018061683,-.00041477554,.0012374925,-.000086219283,.0017039957
1992m5,.0018566166,.00015201485,-.00057790888,-.0005498245,.0014477537,.000071205053,-.0003779518,.0012647411,-.000094734081,.00147236
1992m6,.0016812204,.00013971665,-.0004941487,-.00047230281,.0011950654,.000050954608,-.00031131689,.0010386275,-.000079494253,.0012778498
1992m7,.0016213022,.00017732888,-.00050086458,-.00042473193,.0011435015,5.6030984e-07,-.00028026328,.0010128461,-.000060693947,.0011237824
1992m8,.0015871816,.00015805366,-.00044791575,-.00035405884,.0009628947,-4.3089613e-06,-.00024211621,.00083717419,-.000056099147,.0010454957
1992m9,.0015430214,.00015011885,-.00038131408,-.00039595363,.00082050828,-8.1460130e-06,-.00022056141,.00071959174,-.000071708237,.0011387349
1992m10,.0014148524,.0001407509,-.00033364483,-.00035840916,.00071388524,-.000012389276,-.00019505729,.00060878159,-.000056867961,.0010671789
1992m11,.0013028115,.00013989003,-.00031491407,-.00032609163,.0006851881,-.000036753863,-.00019570153,.00060617388,-.000026977699,.0010160455
1992m12,.0013395216,.00021667741,-.00032414772,-.00046275122,.00079630915,-.000068835288,-.00033171411,.00056445901,.000027636206,.0013991942
1993m1,.0012456592,.00020768856,-.00029267187,-.00043490517,.00072800636,-.000050320308,-.00031919067,.00057443976,-.00001201345,.0013721543
1993m2,.0011566667,.00019889568,-.00031443016,-.00037944352,.00069606386,1.9914487e-06,-.00028288222,.0010113149,-.000029350609,.0011967224
1993m3,.0010810982,.00020777565,-.0003517002,-.00038821436,.00079301465,-.00011619156,-.00040441353,.0014433811,.00016452113,.0015190303
1993m4,.0010456165,.00019230871,-.00030038168,-.00039885004,.00068963482,-.000099935729,-.00036193483,.0011732667,.00012504993,.0015515278
1993m5,.0011250739,.00019787879,-.00032171182,-.00032098166,.0006181518,-.000098179575,-.00030437077,.0010435217,.000086941283,.0013977337
1993m6,.0011083925,.00021402835,-.00034884099,-.00025212977,.00060640299,-.00012662838,-.00024690488,.0010581107,.000023054701,.001402295
1993m7,.0010382159,.00019788988,-.00031847417,-.0002258532,.00054745417,-.00011811428,-.00021431492,.00095607719,-.000014728985,.0013887377
1993m8,.00098624965,.0001813386,-.00031218029,-.00019280953,.00051084318,-.000099503653,-.00019462465,.00093422306,-.000035006051,.0012472324
1993m9,.0010380908,.00017866229,-.00029022229,-.00015366908,.00047280375,-.000089390051,-.00016849025,.00077573949,-.000031896419,.0011163307
1993m10,.00098230562,.00016912374,-.00025501812,-.00012833335,.0005775902,-.000096954158,-.0003477268,.00065519172,-6.0853467e-06,.0018259521
1993m11,.00093641982,.00016790105,-.00024246798,-.00010164554,.00055096287,-.00010179463,-.0002886641,.00060547382,-.00003620706,.0017955608
1993m12,.00095524697,.00018548107,-.00021491246,-.00015547486,.00053534482,-.000089648318,-.00029624402,.00052294799,-.000039855502,.0017908
1994m1,.00091804855,.0001835384,-.00019354357,-.00013323811,.00050998019,-.000080118967,-.00025169071,.00045916365,-.000031623047,.0015304321
1994m2,.00093000481,.00017543886,-.00016204426,-.00012246816,.00047127716,-.000076293218,-.00021638355,.00046503951,-.000029448602,.0013176291
1994m3,.00099010521,.00012452304,-.00012777164,-.00012655099,.00054411142,-.000102381,-.00018883207,.00045519017,-.00003193838,.0011593088
1994m4,.0012443612,.00016161396,-.00016443203,-.00020616804,.00051314733,-.00010116133,-.00018403663,.00042564012,-.000013500851,.001120927
1994m5,.0011543578,.00015309457,-.00015559686,-.0001823808,.00048783002,-.00010385129,-.00016198051,.0004181492,-.000011194148,.00099521829
1994m6,.0010769166,.00015098158,-.0001443787,-.0001701077,.00051740586,-.000098619217,-.00019229886,.00037731527,-9.8145865e-06,.0010300989
1994m7,.0011504149,.00015902842,-.00017602072,-.00014569687,.00048114656,-.000098252356,-.00016710433,.0003814534,-.000012824552,.00092788169
1994m8,.0011272482,.00013287572,-.00016031919,-.0001517268,.00049539481,-.000097705888,-.00013885312,.00035209311,-.000014179259,.00087144657
1994m9,.0011796795,.00015837669,-.0002393725,-.00014219841,.00048305985,-.00012698972,-.00012532502,.0004711363,-.000012028826,.00079924968
1994m10,.001188459,.00011295276,-.00019795891,-.00018292513,.00056024926,-.00016315526,-.000075626813,.00048767283,-.000043894051,.00084229931
1994m11,.0011123759,.00010363888,-.00019629132,-.00016348273,.00059544836,-.00013154074,-.000075050899,.00048934604,-.000043152675,.0007780717
1994m12,.001270138,.000099613673,-.000159916,-.000086949316,.00053763628,-.00011983265,-.000071241273,.00045207518,-.000022922766,.00081146194
1995m1,.0011772318,.000097276854,-.00014717762,-.000078613899,.00049254397,-.00010798848,-.000063700747,.00040489124,-.000017862001,.0007665836
1995m2,.0011124767,.000081687467,-.00013429923,-.00010543954,.0005649447,-.00011534144,3.0795140e-06,.00037331099,-.000030310712,.00090320222
1995m3,.0011405839,.000070187089,-.00011542437,-.00011699369,.00052189711,-.00011001786,6.7050496e-06,.00035468247,-.000031701573,.00083932787
1995m4,.0010924635,.000065197142,-.00012523972,-.000097734817,.00048896432,-.000098133292,7.7780481e-07,.00035399682,-.000036442383,.00078952848
1995m5,.0010487668,.000061527593,-.00010706519,-.000083287494,.00046211138,-.00010557328,-3.0343590e-06,.00039582772,-.000023783148,.00074329524
1995m6,.0010438126,.00003391867,-.000085925822,-.000092716786,.00050896883,-.00012573303,.000011222002,.00039551096,-.00003029355,.00071158272
1995m7,.0010309508,.000081645812,-.00012420616,-.000082542203,.00058915536,-.00017707291,.000016181375,.00045632289,-.000033583634,.00067491113
1995m8,.0010765023,.0001242943,-.00015978461,.000014991199,.00059144566,-.00019008732,.000077167977,.00046251365,-.000089801331,.00092071691
1995m9,.0010100271,.00012076319,-.00015897708,.000010836885,.00056796888,-.00016074673,.000056519359,.00051244179,-.00010348541,.00086355268
1995m10,.001035078,.000085325104,-.00016537754,-.00014951066,.00058469485,-.00013739297,.00018051364,.00046329896,-.000058750229,.0016409194
1995m11,.0010218583,.00014554206,-.0001444801,-.00015997123,.00073906698,-.0001151355,.00012532878,.00042568141,-.000060412291,.001476987
1995m12,.0010854675,.00011787609,-.00012412292,-.00019289089,.00066990021,-.00010925806,.0001223435,.00039215601,-.000061598228,.0013617249
1996m1,.0010198677,.00011409058,-.00011641673,-.00018822358,.00059803453,-.000097355252,.000099319332,.00036466107,-.000068623711,.0013833492
1996m2,.00099154422,.000089495436,-.00011056269,-.00012895947,.00064306095,-.000095942836,8.7988665e-06,.000336959,-.000061341598,.0017012152
1996m3,.0009430066,.00009816284,-.0001185426,-.00010590018,.00062076864,-.00011104494,.000034185232,.00035793133,-.000083113344,.0015888894
1996m4,.00089553685,.000098001976,-.00011360836,-.00010386058,.00057853543,-.00009743109,4.2185661e-06,.00034169748,-.000094002135,.0016219736
1996m5,.00087793655,.00016102122,-.00017525189,-.00014403023,.00086526602,-.00027639238,-.0001409355,.00058501115,.000031187286,.0017532357
1996m6,.00087329088,.00018940264,-.00017887184,-.0001568531,.00087286922,-.00027211435,-.00016198019,.00053521653,.000043928183,.0015922185
1996m7,.0008672378,.00022644277,-.00018201844,-.00009612288,.00094371318,-.00027986412,-.000056341964,.00049548433,3.4163018e-06,.001817392
1996m8,.0012909338,.00039884029,-.00041085883,-.000090665759,.0010267628,-.00039816729,-.000050306906,.00071977061,2.9482842e-06,.0015424378
1996m9,.0012451528,.00038723004,-.00036938663,-.00007882066,.0009407833,-.00034627508,-.000040452975,.00061249238,2.0848595e-06,.0013276024
1996m10,.0013662346,.00033770883,-.00045512978,-.00013358473,.00081578782,-.00030824362,-.000024773462,.00070003589,.000043884156,.0012456666
1996m11,.001259807,.00033080258,-.00046257241,-.0001213875,.0010053939,-.00047149032,8.2813558e-06,.00097370165,8.3222931e-06,.0011206308
1996m12,.0015122,.00021927412,-.00040038678,.000085948523,.0010822723,-.00043968562,-.00012847967,.0008156285,.000039005979,.0015448276
1997m1,.0014403167,.0001773283,-.00035852255,.00012315792,.0010550688,-.00037377616,-.00018088963,.00068622787,.000022152584,.0015941144
1997m2,.0015310905,.00013265817,-.00037533508,.000025647358,.00094384799,-.00031254272,-.00012766273,.00063472945,.00005285579,.0015883282
1997m3,.0014129854,.00014587573,-.00042519157,.000038381098,.00093314156,-.00041026858,-.000066095003,.00093667617,-.000043170166,.0015607933
1997m4,.0016371828,.00015590458,-.00052305503,-1.7383324e-07,.000800048,-.00037653884,-.000057730165,.00097539771,-.000020332473,.0013597353
1997m5,.00162008,.000067299705,-.00046162429,.000092531278,.0011670953,-.00036185133,-.00024269817,.00080155453,-.000024091463,.0015995963
1997m6,.0018839567,.00022898144,-.00060810521,.00010150094,.0013185604,-.00046862024,-.00020719161,.00093550724,-.000034995948,.0013784727
1997m7,.0018366223,.00022924852,-.00051908375,.000091679336,.0011177792,-.00038265795,-.00017006621,.00078662531,-.000026774987,.0011997962
1997m8,.0021517333,.00014243186,-.00046136198,.00016396449,.0010578058,-.00033819035,-.00018227613,.00066399359,-.000015546158,.0011369428
1997m9,.0021742948,-3.9740107e-06,-.00044345946,.00017898825,.0016492298,-.0003090268,-.00025008729,.00058602658,-.000021347796,.0010422355
1997m10,.0021972372,.000059033533,-.00040397156,.00010239998,.0014422897,-.00026518301,-.00024665057,.00050531933,-.000016004826,.0010242723
1997m11,.0021791616,.000077733144,-.00041499169,.00010215546,.00119696,-.00023717777,-.00020425137,.00049200852,-.000019786608,.00092564803
1997m12,.0020192023,.000035903453,-.00036389704,.00014804747,.0013669304,-.00023955421,-.00032601043,.00043870471,-4.3895816e-06,.0011087046
1998m1,.0018259083,.000037926031,-.00035124642,.00012780968,.0012139409,-.00027211447,-.00028748382,.00056140212,.000011648244,.00099590048
1998m2,.001655984,.000047272155,-.00031495575,.00010585824,.0010352788,-.00022901445,-.00025350039,.00052784733,-1.4280162e-06,.00092825532
1998m3,.0019540344,.000053842869,-.00030983295,.00039613101,.00087584421,-.00019476698,-.00025320851,.00046247078,-.000014731301,.0015095626
1998m4,.0019513371,.000041364798,-.00027010732,.00030797056,.0007674584,-.00017479906,-.00020693908,.00042211896,-.00002101477,.0013708015
1998m5,.0017619898,.000046893689,-.00024386321,.00026040609,.00066985842,-.00015348865,-.0001741642,.00038581868,-.000016175163,.0011955348
1998m6,.001742213,.00013076446,-.00035314562,.00023886924,.0008057637,-.00027376533,-.00015112103,.00060141488,-.000031958174,.0010604799
1998m7,.0016544546,.000092881121,-.0003660376,.00024023879,.00084828644,-.00022572032,-.00017650776,.00061822566,-.00005725916,.0010182743
1998m8,.0016059838,.00018945428,-.00031428324,.00018501411,.0011235977,-.00019477963,-.00022514585,.00055104255,-.00005927336,.00095868611
1998m9,.004444303,.00078912807,-.00072929228,.00045165751,.001361681,-.0002957882,-.00015858711,.00064055849,-.000096724747,.00094110862
1998m10,.004236564,.00068801752,-.00078765268,.00052053062,.0011278121,-.00027010156,-.00014666354,.00073532457,-.00017498055,.0010819546
1998m11,.0041854572,.00057491177,-.00079149334,.00045645409,.0011115775,-.00021646454,-.00012664442,.00070897007,-.00015045541,.00096538546
1998m12,.0040081916,.00053193496,-.00083200826,.00037108906,.00094880955,-.00021436876,-.00011652646,.00077329687,-.00011171505,.00091267593
1999m1,.003863012,.00046908204,-.00095229817,.00031299784,.00081161805,-.00020118934,-.000098338547,.00098898984,-.000091469214,.00083850115
1999m2,.0034957828,.00041805339,-.0009481833,.00026361825,.00070485403,-.00019506318,-.000086240871,.0010936911,-.000070285751,.0007802904
1999m3,.003322172,.00057559053,-.00084117509,.00019803921,.0010937791,-.00023081059,-.00015828181,.00091232033,-.000049938404,.00077552191
1999m4,.0030279383,.00049989024,-.00079085113,.00013466126,.0011526576,-.00017310448,-.000081394042,.00088075409,4.5990287e-06,.00088725548
1999m5,.0028375695,.00053068635,-.00067714683,.00034321824,.0011857526,-.00012589467,.00012954551,.00081610499,.00013773725,.0020500538
1999m6,.0026226281,.00045082445,-.00063104887,.00029978692,.0011584461,-.000088651468,.000098607874,.00075206073,.00010871588,.0017395696
1999m7,.0025267536,.00046879062,-.00068652834,.00024423419,.0010986694,-.00014024758,.000075463016,.00085668365,.00011209443,.0014893278
1999m8,.0024324432,.00038960506,-.00058603956,.00023194714,.0010219825,-.00013464452,.000050721399,.00072593545,.000098686483,.0013095526
1999m9,.0022164995,.00035801163,-.00050358614,.00020212901,.00089472911,-.00011056844,.00004636373,.00064495561,.00008830057,.0011505581
1999m10,.0021131148,.00029341417,-.0004374815,.00033821192,.00092176755,-.00017137626,-.0000811184,.0007509088,.00025027661,.0017939361
1999m11,.0022310014,.00013086997,-.00051114592,.00064209237,.0014863779,-.000077605931,-.00049567997,.00078867801,.00011862391,.0028633384
1999m12,.0020854466,.00024078359,-.0006671325,.0005276975,.0020025149,-.00037421923,-.00051307637,.0013715609,.00016113881,.0023866484
2000m1,.002423655,.00049044826,-.001129022,.0003994102,.0023477899,-.00075056031,-.00055526686,.0023533774,.00028025947,.002099379
2000m2,.0024716165,.00036839026,-.0009620412,.00032633395,.0022406809,-.00064267736,-.00046123771,.0018533842,.00022126533,.0017766654
2000m3,.0022462513,.00076787296,-.0011798523,.00028149801,.0088287303,-.0026556889,-.00049339636,.0032781686,.00019235723,.0015252898
2000m4,.0022439631,.00055541296,-.0010114943,.00022986531,.011186597,-.0032366971,-.00044873302,.0034823292,.00015608274,.0013200463
2000m5,.0025364007,.00069989404,-.0012644039,.00038240358,.0095849195,-.0031490503,-.00029895976,.0038181809,1.1536696e-06,.0014582733
2000m6,.002533043,.00070182746,-.0011261044,.00041452979,.0078242216,-.0025174825,-.00020915692,.0030358373,-.000021388782,.0014038316
2000m7,.0024382721,.00090449676,-.0013464437,.00031020687,.0088982498,-.0032641429,-.00038171932,.0040234551,.00013572921,.0014021625
2000m8,.0022828057,.00080462714,-.0013511387,.00016890556,.0070493068,-.002884795,-.00049509964,.0041201911,.00051749696,.0026275849
2000m9,.0024926588,.00069696474,-.0011992957,.00011759766,.0055277897,-.0022183103,-.00038914121,.0032008309,.00040972393,.0021960591
2000m10,.0026174241,.00065014872,-.0012685248,.00021096024,.0043670847,-.0018904221,-.00030746681,.0030690155,.00028079198,.0021006116
2000m11,.0024540133,.00061604759,-.0012045095,.00015600452,.0036554975,-.0016648558,-.00027139581,.0028459257,.00026875932,.0018020088
2000m12,.0035645394,.00072851276,-.0020746619,.00039206559,.0030106425,-.0017800516,-.0001938401,.0041757212,.000077231758,.0018037211
2001m1,.0031519318,.00061858079,-.0018410174,.00032618767,.0024086931,-.0014941152,-.00015517454,.0040325606,.000076668883,.0015336823
2001m2,.0028630579,.00065019348,-.0016389575,.00037171756,.0025445144,-.0014646045,4.2308816e-06,.003530229,-.000041618921,.00182046
2001m3,.0037583236,.00065089832,-.0025838481,.00019277351,.0020471863,-.001509169,-6.6492817e-06,.0053077107,.00014841784,.0017202585
2001m4,.0039744959,.00057836471,-.002529426,-.0000346938,.001656639,-.0012418345,1.1652356e-06,.0047197957,.00029112157,.0020615226
2001m5,.004081124,.00053177262,-.0023708637,-.000037619651,.0013570499,-.0010205861,1.3595847e-07,.0040220688,.00023998364,.0017343211
2001m6,.0035920732,.00047269347,-.0019622671,-.000035671768,.0012165244,-.00082119135,.000023159535,.0032509849,.00022150624,.0015616312
2001m7,.0032399155,.000413523,-.0016092589,-.000031650827,.0015306447,-.00078639539,.000013270253,.0025545307,.00017856418,.001342783
2001m8,.0029479819,.00043691523,-.0015009091,-.000066428744,.0015403755,-.00081807224,-.000043647044,.00246551,.0002262792,.0012930935
2001m9,.00315039,.0003418469,-.0013898198,-.00020086832,.0013505218,-.00065620081,7.6403256e-07,.0020209975,.00023428589,.0013549101
2001m10,.0038295412,.00066533749,-.0013191311,.0003650728,.0016720587,-.00064182357,.00038039402,.0016241551,.00017403423,.0027744721
2001m11,.0034135105,.00073161826,-.0014294189,.00032126313,.0021799072,-.0010563107,.00044323091,.0023634117,.00008374879,.0023967384
2001m12,.0035376283,.00063914212,-.0012028565,.00035545576,.0017605424,-.00083977316,.00035598665,.0019063504,.000085005391,.0021070191
2002m1,.0031361757,.00060187653,-.00099418743,.00034655197,.0017268541,-.00070078537,.00044366322,.0015199088,.00009464108,.0022926778
2002m2,.0028237787,.00051019923,-.00089523901,.00030144546,.0014266629,-.00057458016,.00035330045,.0013722385,.000060188213,.0019589744
2002m3,.0025999872,.00045978313,-.00080311019,.00024037652,.0011984054,-.00048731902,.00028385941,.0011870953,.000058821381,.0016683243
2002m4,.0024626821,.00050743727,-.00067525817,.00038974834,.0012561433,-.0004153965,.00046612066,.00097459741,.000091049347,.002384488
2002m5,.0025599687,.00036193107,-.00075348123,.00025066535,.0015457181,-.00032286058,.00054978079,.0010204501,.0001458106,.0022199308
2002m6,.0023260815,.0003575297,-.00066060643,.00018191925,.001425717,-.00029823149,.00043178396,.00087077339,.00015036539,.0021197884
2002m7,.0027353892,.00021147063,-.00060092635,.00021670671,.0014312132,-.00026460085,.0003510993,.0007211006,.00012320938,.001817897
2002m8,.0032594248,.00045405279,-.00045581744,.00043817429,.001609567,-.0001769551,.00047864745,.00082604709,.00022187368,.0019680059
2002m9,.0028858623,.00040277472,-.00040961578,.00036231548,.0014086077,-.00018148635,.00039349395,.00077381905,.00019003032,.0016612398
2002m10,.0038473427,.00028534641,-.00045514072,.00041049643,.0012525989,-.00014754936,.00031739217,.00066550181,.00015216372,.0014477287
2002m11,.0039561787,.00019364154,-.0007165788,.00047644632,.001167514,-.000077638979,.00024106856,.0010614404,.000061003837,.0014049789
2002m12,.0037948065,.00025176292,-.00064916164,.0004714138,.001098016,-.000084839477,.00024016682,.00088649907,.000040798524,.001297361
2003m1,.0037775189,.00023685089,-.00064209435,.0004654369,.00092418137,-.000077377445,.00020152346,.0007975992,.000020094119,.0011787297
2003m2,.0034376341,.0002018766,-.00054455071,.00043432799,.00081749982,-.000075783661,.00016048408,.00068202813,.000027279588,.0011071144
2003m3,.0031039971,.00019081561,-.00046676991,.00036952295,.0007106064,-.000066521308,.00013521282,.00062153034,.000023381004,.00098436628
2003m4,.002754994,.00017940751,-.00042769153,.00031499445,.00063831866,-.000072720417,.00011665479,.00060321635,.000019968656,.00088802399
2003m5,.0030782665,.00019844832,-.00036786505,.0004830363,.00057431601,-.000064247623,.00012099058,.00053122494,.000038629751,.0010472062
2003m6,.0030508949,.00036211076,-.00034177894,.00044431497,.00085085497,-.000076199467,.0001406485,.00046453258,.000032260647,.00094440364
2003m7,.0027141261,.00033053025,-.00030251913,.00037846246,.00076775963,-.000067279128,.00011260663,.00041480552,.000025873222,.00088037545
2003m8,.0024507381,.00039099544,-.00028821357,.00043241848,.0010726438,-.00010921871,.00033431279,.00039808746,-.000018554476,.0013127555
2003m9,.0022240321,.00037552358,-.0002561803,.0003811754,.0010011882,-.000081390535,.00030608941,.00041986589,-1.8844624e-06,.0011771173
2003m10,.0020317265,.00032618392,-.00023065471,.00031642249,.00085750932,-.000074031726,.00026131462,.00037914407,-2.3489192e-06,.0010585734
2003m11,.0021551389,.00039059503,-.00017481839,.00029955839,.0008478447,-.000049133672,.00024001145,.00039564315,4.1564895e-06,.00095178862
2003m12,.0019432022,.00036157091,-.00016121189,.00025417801,.00079485599,-.000030840936,.00020178829,.0004098413,-4.5712582e-06,.00087324576
2004m1,.001902262,.00029046807,-.00011701704,.00019859642,.00083162962,-.000070967646,.00020763154,.00044492533,-.000020771873,.00082602142
2004m2,.0017459505,.00029273742,-.00010079551,.00014359207,.0008224193,-.000046298232,.0001305043,.00044726406,-.00007609601,.001118436
2004m3,.0015924393,.00025977331,-.000095528187,.00013060014,.00074441393,-.000046462839,.000099891469,.00040074097,-.000063049629,.0010448435
2004m4,.0014922002,.00022434961,-.000093490919,.000095859323,.00069374958,-.000044531418,.0001008214,.00036414969,-.000054347449,.00097160588
2004m5,.0014296807,.00024197235,-.000058339148,.000083713836,.00068220118,-.000012628884,.000091306058,.00046180488,-.000048818561,.00087831815
2004m6,.001317203,.00021915027,-.000061588653,.000070394759,.00060483202,-.000014546036,.00007857287,.00041512656,-.000041931504,.00080456841
2004m7,.0012343596,.00022513242,-.000055324788,.00006980238,.00061200978,-4.0986411e-06,.000087224784,.0003963061,-.000028875642,.0007696891
2004m8,.0013769463,.000350944,-.00019545849,-.000089752764,.00076678267,-.00011126087,-.000032980286,.00060189725,.00010875842,.0010537539
2004m9,.0012708959,.00032300735,-.00017924787,-.00010547295,.00070888764,-.00010585356,-.000078640755,.00052620895,.00012383134,.0013282751
2004m10,.0011881654,.00032560813,-.0001661854,-.000095957541,.00075329351,-.00010631137,-.000075828226,.00046233201,.0001052544,.0011595649
2004m11,.0011136736,.00029315223,-.00015777019,-.000088054614,.00065960741,-.00009612814,-.000065123517,.00041983923,.000091949667,.0010271528
2004m12,.001210015,.00039573613,-.00011707885,-.000076488846,.00079929922,-.000063878557,-.000056863915,.00042015323,.000084654741,.00092240854
2005m1,.0012117467,.00035812671,-.00011632783,-.00012353016,.00069417007,-.000058852376,-.000052353847,.00037969064,.00008053807,.0009577265
2005m2,.0012461225,.00036338271,-.00015361595,-.0001916539,.00065012986,-.000073521485,-.000079179292,.00039716801,.00011489893,.0010426086
2005m3,.0011741127,.00032418917,-.00013671222,-.00014591643,.00058368547,-.000074014373,-.000095425443,.00039512591,.00016748479,.0014063584
2005m4,.001163809,.00032516624,-.00015372902,-.00012925518,.00056011387,-.000082440849,-.000082586186,.00038867604,.00014616713,.0012195999
2005m5,.0011944108,.00042122541,-.00013682054,-.000029077717,.00074982882,-.000072169154,.000043064367,.00035959567,.00015580011,.0014660782
2005m6,.0012123018,.00044975599,-.00015206312,-.00003695731,.00076973368,-.000086491767,.000030787018,.0003487847,.00013879193,.0012702142
2005m7,.0011267092,.00041578521,-.00015473459,-.000037296915,.00076345517,-.000052602009,.000076715507,.00042368774,.00019568305,.0013224231
2005m8,.0011726831,.00045168339,-.00016237628,-.000013120739,.00078185881,-.000063059153,.000085423635,.00039002343,.0001644508,.0011770449
2005m9,.0011275301,.0004148735,-.00016590078,-.000037616948,.0006950731,-.000065168118,.000062804589,.00037440454,.00016099683,.0011152296
2005m10,.0010539555,.00037189267,-.00015555441,-.000038197846,.0006198748,-.000062856117,.00004625873,.00034921939,.00015309347,.0010915038
2005m11,.0010633245,.00036397713,-.00014927443,.000036818925,.00057956105,-.000060166611,.000077044017,.00032502643,.00014424008,.001294847
2005m12,.001097044,.00035244945,-.00017547276,.000023184861,.00053459516,-.000065651155,.000064281419,.0003369117,.00013227548,.0011339423
2006m1,.0010351052,.00032493568,-.00016561418,.000018547393,.00049470348,-.000062855746,.000056076795,.00031631414,.00011541995,.0010063299
2006m2,.0010392467,.00045313995,-.00014548138,.000086681015,.00087621709,-.000036001453,.00023686935,.00031365678,.00014032781,.0012077017
2006m3,.00098636048,.00040370357,-.00013644197,.000081306156,.00075620617,-.000034629855,.00020381575,.00030106775,.00012869776,.0010992773
2006m4,.00094081892,.00040773148,-.00012927697,.000067723522,.00083257334,-.000030879059,.00018360472,.0002900144,.00011356645,.00097859628
2006m5,.00089365698,.00036692849,-.00013169354,.000057035835,.00074844091,-.000054269174,.00015848418,.00037281794,.00010741073,.00088350341
2006m6,.001037937,.00044127012,-.00020883874,.000020038782,.0007940791,-.00010159471,.00012747846,.0004326505,.0001185155,.0008263968
2006m7,.00098620902,.00039532635,-.00019624174,.000010812067,.0006929455,-.000092741881,.00010799251,.00039541084,.00010745406,.00077267928
2006m8,.00095234968,.00043175436,-.00022279807,-.000018186021,.00086046185,-.00017267535,.00003587631,.00047817151,.00016085256,.00083862839
2006m9,.00092581386,.0003933867,-.00022927619,-.000044644377,.00075166574,-.00016460709,.000019763474,.00048091097,.00018130141,.00087537337
2006m10,.00089749694,.0003490755,-.00021034919,-.000040541763,.00068695052,-.00014455304,.000014970602,.00042538991,.00015625964,.00080312154
2006m11,.00093140872,.00035279518,-.00020027703,.000025666273,.00064851175,-.00013292911,.000049148959,.00038374239,.00013996992,.00093685801
2006m12,.00089897768,.00032664038,-.00018696352,.000029508225,.00058699772,-.00012031491,.000048045451,.00035155445,.00012213258,.00087558362
2007m1,.00085835636,.00029958799,-.00018727468,.000020445461,.00055033725,-.00014388481,.000055627625,.0004665665,.000081992424,.00085790362
2007m2,.00082973449,.00027591933,-.00017432876,.000021084796,.00050231878,-.00012836477,.000048774582,.00041572601,.000069784859,.00080289971
2007m3,.0008673399,.00024285047,-.000159652,-.000047386529,.00048802816,-.00012007558,.000073932562,.00037682767,.000058596186,.00092574843
2007m4,.00083038548,.00022643572,-.00015036039,-.000044330231,.00045455509,-.00010980389,.000064228203,.00034876281,.000049288738,.00085747475
2007m5,.00088923838,.00018312625,-.00017541548,-.000040544495,.00049484265,-.000090504211,.000057452384,.00035320682,.000043896252,.00078838744
2007m6,.00092488143,.00017399743,-.00017155355,-.000079715341,.0004596533,-.000083996252,.000052828011,.00032908958,.000043770695,.00080054015
2007m7,.00094909919,.00015658615,-.00014553509,-.00013655015,.00044000815,-.000087346983,.000064709791,.00033658932,.000013047909,.00089782506
2007m8,.0011001122,.00024161303,-.000047469341,-.00012152146,.00051298464,-.000030800195,.00006447584,.00051337102,.000019647943,.00082076347
2007m9,.0010315254,.00022320967,-.000057668167,-.00011531927,.00047394822,-.000030593255,.000058784331,.0005442641,.000041724838,.00079489447
2007m10,.0010460116,.00018204427,-.000094191586,-.000061357132,.00052344054,-4.7986582e-06,.000011135437,.00054320297,3.0488868e-06,.00085668819
2007m11,.00099971984,.00017229666,-.00011777139,-.000048514867,.0004819218,-.000011728684,.000010524661,.00059777021,-.000017222439,.00080911577
2007m12,.0012584043,.00028158462,-.00007583222,-.000015011511,.00055363373,4.9894029e-06,.000025830588,.00054358447,-7.6500664e-06,.00076253066
2008m1,.0011889645,.00025734273,-.00007006646,-.000023984852,.00050505716,-7.1512915e-07,.000023078004,.00047890321,-9.4909919e-06,.00072485727
2008m2,.0016238689,.00030058008,-.00024218937,.00009374728,.00048020217,-.000025816706,.000036442721,.0006176625,-.00006946089,.00077437796
2008m3,.0016250986,.00028825479,-.00020527154,.00011416886,.00044941306,-.000025421175,.000035003406,.00054705358,-.000051605359,.00075443595
2008m4,.0015059719,.00026165639,-.00018330583,.000077094395,.00043484051,-.000028278555,.000048917431,.00047739508,-.000052281808,.00082575355
2008m5,.0015522495,.00021648739,-.00019978604,.0002181507,.00045617169,-.000018188408,-.000021031519,.00044447544,-.000093222618,.0012037106
2008m6,.0014363338,.00024118244,-.00020010934,.00022588293,.00056744815,-.000055357697,.000061770123,.0004422045,-.00012671188,.001306047
2008m7,.0021927743,.00018464585,-.00007431105,.000035381156,.0005381892,-.000076780256,.00008082595,.00050804461,-.00017729547,.0013293158
2008m8,.0019888531,.00016428606,-.0001352361,.000064169617,.00057448435,1.1990805e-06,2.2035956e-06,.00096089731,-.00041085444,.0015675062
2008m9,.0018036262,.00018528134,-.00012067023,.00004582679,.00070273975,.000019079362,-.000024751474,.00081959652,-.00034774703,.0013723136
2008m10,.0026701652,.00025808925,-.00049798033,.00028491966,.00063981919,-.000025522526,4.3153309e-06,.001266573,-.00053003937,.0014744923
2008m11,.0057841856,.00054929592,-.0003312765,.0014141182,.00064916036,9.4421591e-07,.00013601748,.0011589382,-.00041659767,.0024828671
2008m12,.0058201589,.00065056531,-.00017698157,.0014160742,.00071582448,.000091253452,.00019075155,.0015192259,-.00030117462,.0023432276
2009m1,.0051005897,.00063206023,-.00016344705,.0011761498,.00081262481,.000067068337,.00014548027,.0012159892,-.00023784471,.0019914319
2009m2,.0052805841,.00058195274,.00023355472,.00066138455,.0007043262,.000068670211,.00018374069,.0030610242,-.002205723,.0072530266
2009m3,.0058471272,.00055081601,.00045928775,.00030451576,.00062099914,.000051349914,.00016948841,.0032679322,-.0024005156,.0075441995
2009m4,.0058606933,.00050590729,.00045425809,.000049460446,.00055713835,.000032393,.00015661608,.0027278359,-.0021640323,.0073951683
2009m5,.0061115278,.00076707464,.00054999365,-.00011952056,.00082393445,.00013508939,.000040380997,.0025683318,-.0019517997,.0064153681
2009m6,.005566366,.00065753632,.00042305083,-.00013602899,.00079782947,.00010653527,.000051969524,.0020118197,-.0015208335,.005230898
2009m7,.0048683807,.00059454778,.00033368045,-.00011888045,.00078582647,.000057147503,.000016210957,.0017165702,-.0012157296,.0043621161
2009m8,.004815015,.00061220286,.00041732553,-.00010086369,.00074059551,.000085328684,.0000153582,.0017645383,-.0010496703,.0035437068
2009m9,.0043035001,.00053129828,.00047119704,-.00018336043,.00066002732,.000045960289,.000044648314,.0023305113,-.0013923495,.0039590318
2009m10,.003914217,.00053113984,.00037342985,-.000074131334,.00067179563,.000038373077,.00012883949,.0018390894,-.0011887801,.0042257854
2009m11,.0035564555,.00059687713,.0003606345,-.00012477563,.00087127561,.00011772018,.000027593669,.0017708834,-.0011191944,.0038048525
2009m12,.00340688,.00049883878,.00027705639,-.00012656566,.00084365252,.000093557726,.000030842286,.0014060675,-.00087695994,.0031149071
2010m1,.0030629076,.0005854129,.00020952447,-.000074616808,.0012573898,.000076816883,.00017879008,.0011280824,-.000734967,.0029604482
2010m2,.00288372,.00050717703,.00015880057,-.00001875546,.0010481765,.00005458056,.00014321813,.0009165933,-.00060015649,.0026094161
2010m3,.0026481287,.00045969669,.00016228252,-.00001754193,.00090396206,.000054381013,.00011765042,.00089752336,-.00051020511,.0021659506
2010m4,.0027125138,.00045926537,.00017801458,-.00019801667,.00080395199,.000051443178,.000067094319,.00080218411,-.00052626105,.002453923
2010m5,.0024373909,.00049594411,.00015972705,-.00017798357,.0010487948,.00010806629,.000034651657,.00077939237,-.00046428206,.0020660656
2010m6,.0029497221,.00046925936,.00024424886,-.00011466046,.00088627241,.000087614317,.000028207489,.00075907784,-.00038606973,.001765769
2010m7,.0030245474,.0004957096,.0003739252,-.0001371179,.00082367228,.00012678275,.000013059283,.00098858471,-.00039638983,.0015228651
2010m8,.0031163036,.00045685464,.00029824371,-.000029059078,.00071311044,.000097369848,.000013064312,.00081304327,-.00034269571,.0014925253
2010m9,.003070242,.00052044302,.00029981593,-.00019391913,.00076329766,.00011357526,-.0000875224,.00075067801,-.00039099489,.0018415792
2010m10,.0035842177,.00071481633,.00014101475,-.000043677828,.00088138669,.000043223579,-.000018240995,.0008039152,-.00041532787,.0017460529
2010m11,.0032815589,.00064262509,.000074330295,.000015999112,.00077391492,.000019668551,3.5891619e-06,.00078697671,-.00043251688,.0017574818
2010m12,.0029048121,.00060722558,.000048870555,9.2191685e-06,.00086359569,-5.8104501e-06,.000039083749,.00067665859,-.00037136264,.0015631983
2011m1,.0029985607,.00056817417,.00014093498,-.000067253408,.000748989,-9.6238216e-07,.000026077461,.00077795156,-.0003915854,.0014343821
2011m2,.0026828863,.00050452218,.00010842108,-.000061663915,.00074947032,-.000013165873,.000023248513,.0006567947,-.00032263563,.0012415481
2011m3,.0024810822,.00047325101,.000091963695,-.000047429116,.00068663817,-.000010377517,.000024485675,.00057162018,-.00026832416,.0010976805
2011m4,.0022171522,.00043555553,.000069945971,-.000047381222,.00069872738,-.000035929253,.00005563235,.00054312544,-.00026359246,.0010722649
2011m5,.0020477998,.00038416451,.000021505577,-.000057147161,.00061866851,-.000032560692,.000049288614,.00058980659,-.00022718254,.00097326085
2011m6,.0018814743,.00035383922,.000028541883,-.000039885104,.00056394679,-.000025155436,.000048707017,.00059031002,-.00018811882,.00090885244
2011m7,.0017601083,.00032479389,.000019628835,-.000032047854,.00051383179,-.000025210924,.000042899312,.00051237014,-.00015915277,.00083220052
2011m8,.001690349,.00032757127,.000027380949,-.000058008703,.000502954,-.000017030419,.000025962507,.00047787072,-.00015311352,.00080283766
2011m9,.0020010455,.00046906262,.00011433874,.0001238845,.00060501107,.000026143194,.00011774983,.00052929093,-.000084680163,.0010154013
2011m10,.0025211885,.00067054888,.00016462871,.0005353812,.00073320669,.000050606915,.00031492425,.00050043152,-.000017030996,.0017199918
2011m11,.00349553,.00090532709,.00012439968,.00096333935,.00080794533,.000034187262,.00044243515,.00044248992,-.000029706947,.0021376633
2011m12,.0030966569,.00078138232,.000098171484,.00080481562,.00070160354,.000025212574,.00036719168,.00040174153,-.000030737319,.0018623745
2012m1,.0027461895,.00068179745,.000077614539,.00075118843,.00062671432,.000012234561,.00036953745,.00040143303,-.000083232007,.0022219843
2012m2,.0026589339,.00067933439,.000031371808,.0006028639,.00062394177,-7.8779503e-06,.00029941057,.00039152382,-.000055631823,.0019776453
2012m3,.0025278116,.000591624,.000015785075,.00053231581,.00060537219,-.000010474282,.00024853807,.00035720356,-.000047251593,.0016886831
2012m4,.0023256654,.00052054273,.000012744224,.00042878653,.00055176584,-.000015988004,.00027188618,.00033877019,-.000076533681,.0022566947
2012m5,.0021054368,.00047053315,6.3986236e-06,.00035686852,.00050877401,-.000015964433,.0002296295,.00032378361,-.000064594969,.0018881004
2012m6,.002386369,.00045215915,.00002354985,.00039020396,.00047036156,-.000017916529,.000198746,.00031370218,-.000048443631,.0016695785
2012m7,.0022529627,.00042901078,.000015201328,.00032127145,.00044825536,-.000019027559,.00016894612,.00029875748,-.000042407737,.0014336347
2012m8,.0020214035,.00041046002,3.5760138e-06,.000269318,.00052692945,-.000014393151,.0001563648,.00028975389,-.000036594614,.0012409742
2012m9,.001863501,.00037496642,6.9462972e-06,.00021735107,.00048577442,-.000014834269,.00013330183,.00030073748,-.000042421412,.0011192779
2012m10,.0017357643,.00034802497,.000014523487,.0001752446,.00045503417,-.00001405688,.00011417864,.00031829957,-.000046991358,.0010100008
2012m11,.0016354022,.00034054395,-.000048951282,.00016269211,.00044836474,-.000048222817,.00010825657,.00049019471,-.00006901734,.00092135172
2012m12,.0014906937,.0003130601,-.000053361877,.00013864561,.00042699018,-.000049608629,.000094071373,.000447956,-.000056160472,.00084496045
2013m1,.0013697583,.00029962961,-.000050190665,.00012069303,.00043659992,-.000022903047,.000089327157,.00057574443,-.000045187804,.00078117818
2013m2,.0015289325,.00030096073,-.00003479614,.000011173493,.00041670713,-.000022880648,.00007616941,.0005061074,-.000054590098,.00087803893
2013m3,.0014041569,.00027727438,-.000039652772,-4.7226245e-06,.00040298942,-.000024091671,.00008013381,.00044421339,-.000047240024,.00092807692
2013m4,.0014191011,.00028243204,-.000052947988,.000029973617,.00039744924,-.00002773163,.00008201319,.00040034868,-.000045980953,.00089466665
2013m5,.0013144524,.00026162734,-.000053149713,1.9500712e-06,.00047506424,-.000036515521,.00015429438,.00036606705,-.000051882504,.0010473902
2013m6,.0012672485,.00027176217,-.000028218743,-.000026378313,.00048244887,-.000015109285,.00012040041,.00042158671,-.000076663331,.00099562947
2013m7,.0012080203,.00024272673,-.000030270514,-.000016017479,.00046760784,-.000019753654,.000099904406,.00038157031,-.000064453961,.00091172243
2013m8,.0013985836,.00030358037,-.000023844637,-8.9314990e-06,.00048616278,-.000017502642,.000093392897,.00035231299,-.000055464134,.0008319781
2013m9,.0014031105,.0002804882,.00002892179,-.000058018017,.00045335616,-.000025372599,.000087272427,.00046656255,-.00010372724,.00084975676
2013m10,.0013996906,.00034024744,-7.3956726e-06,-.000068025729,.00054715504,-.000054125281,.000068842783,.00044482839,-.000086276908,.00078910665
2013m11,.0014266028,.00028908765,2.0616317e-06,-.00009064746,.00053644035,-.000060956696,.000073606061,.00041066209,-.000082572791,.00075477792
2013m12,.0013799464,.00028729939,-6.0444067e-06,-.00017189501,.00051183865,-.000057449364,.000032894754,.00037170338,-.000081688901,.0010371676
2014m1,.0013240041,.00025916638,-.000020211201,-.00016707848,.00047701644,-.00005329401,.000031507545,.00034604466,-.000068432571,.00094380701
2014m2,.0013861225,.00022886478,.000028520959,-.00019637149,.00045514721,-.000067734414,.000036491994,.00040813052,-.000091196096,.00090126361
2014m3,.0014536014,.00022674818,4.0163300e-06,-.00021344802,.00043005968,-.000064958032,.000029910167,.00037471895,-.000075774529,.00084753218
2014m4,.0013343047,.00022044491,-.000011076353,-.00019757854,.00046303609,-.00015120473,-1.3879279e-06,.00071584189,-2.7428850e-06,.00085295376
2014m5,.0012379485,.00025296237,-.000022489507,-.00017159262,.00069800066,-.00017338738,.00017127846,.00061645807,-.000028168075,.00117313
2014m6,.001172169,.00022114241,-.00003251584,-.00015925692,.0006693977,-.0001491516,.00015679286,.00053273712,-.000021339632,.0010451053
2014m7,.0011363307,.00025157296,-.000046264504,-.00013367851,.00071944442,-.00015255432,.0001568968,.0004758474,-.000021766948,.00094710878
2014m8,.0011352304,.00032691014,-.000046235575,-.00011136062,.00089919765,-.00014420875,.00016782657,.00042184151,-.000017647872,.0008661435
2014m9,.0012040247,.00030564604,-.000065593842,-.00011351245,.00077258097,-.00012858116,.0001418897,.00038885538,-.000013471939,.00079755235
2014m10,.0011895122,.00036049532,-.000048303355,-.00012494778,.00089045067,-.000098757446,.00010615048,.00038538064,-.00002208669,.00076303649
2014m11,.0011474043,.00040025316,-.000074597381,-.000071824841,.0010214007,-.00014615153,.00021548507,.00040804737,-.000072247029,.00095355406
2014m12,.0011124783,.00034352098,-.00012199573,-.000080280704,.00093017885,-.00011099523,.0001990977,.00052932906,-.000047691745,.00088312122
2015m1,.0010453602,.0003087011,-.00012567054,-.000083311941,.00088702614,-.000081959282,.00020631512,.00052074285,-.000021161655,.00086910091
2015m2,.00112957,.00029585793,-.000052206928,-.00004339001,.00076646695,-.000072492374,.00018243074,.00066805229,.000014037568,.00083211396
2015m3,.0013858465,.00029538595,-.00011677963,-.00010232236,.00067158765,-.000071396273,.000154958,.00062570674,.000029526325,.00080629886
2015m4,.0013069391,.00025798075,-.0001047183,-.000098090313,.00072630082,-.000078478239,.00015055577,.00054146553,.000024266568,.00075056881
2015m5,.0012080293,.000248389,-.00010182113,-.000091297181,.00077523617,-.00010332006,.00017039389,.00051406614,7.1703325e-06,.00074105867
2015m6,.001129522,.00022925716,-.00010541789,-.00007061386,.00068553898,-.00010034385,.00017672994,.00048643118,-.000028204619,.00090626383
2015m7,.0011034658,.00019028193,-.000090787638,-.000077380035,.00071860029,-.00010993519,.00017518051,.00044478168,-.000029187147,.00083835883
2015m8,.0010430221,.00017187113,-.0001319415,-.000065553519,.00088022056,-.000012570637,.0001411659,.00070508005,-.00006227407,.00079029822
2015m9,.0014518808,.00015452436,-.00023279921,-.000048367245,.00075932738,-.000011558938,.0001198313,.00069583539,-.000061049148,.00073760492
2015m10,.0014765231,.00020462438,-.00021925,-.00006486589,.00076728471,-.000020033523,.000096325086,.00059056847,-.000050428003,.00070353312
2015m11,.0019050154,.0001337802,-.00022493191,-.00040523757,.00072730193,-.000019407749,.0001817723,.00050968974,-.000037585127,.0012410507
2015m12,.0017219579,.00013626444,-.00020335581,-.00036686219,.00082146446,-.000036481124,.00023479489,.00045604093,-.000045132114,.0012406837
